AGCTTCAAGACTGGATGCAATTCTCACCG,0.676923076923
CCGCTGGGGTTAAAC,0.738461538462
CGGTAGCTGTATGTCC,0.769230769231
TGAAAGCCTCTAATACCAGAGTTAA,0.953846153846
ACGATATATGTCTTGTACCCCGC,0.953846153846
TGATACCGCACAATCTCAGGCAC,0.923076923077
AAGCTCACTTCTATCGGCCCTCCC,0.830769230769
GATCCCAGATCTGTCTAACAA,0.923076923077
CTACGGCGTGAATTGTCATTCTGGG,0.830769230769
GCACAGAAACTATGTAATAGTG,0.923076923077
AGTCTGAGTGTTTGACTAAACA,0.923076923077
TAAATACTATGCACGTCCA,0.8
AGCTCGATTATGGTCATATGAACACACC,0.769230769231
TCCGGTACGGGGCAAAGTGGTCT,0.861538461538
TGCCACTACACGCTAGGATCACGTCAGGCC,0.523076923077
GAAGGGGTCTACCAGCTCCGAC,0.892307692308
AGGGTTGGGTGACGTGTTTGT,0.984615384615
CCCAGGTTACACGTCA,0.769230769231
GTGTCAATAGGGTTTCATGAACACCCGAG,0.676923076923
GCCAGTTTAGACAAGCA,0.769230769231
CAGACTGATCATGTTCACGAGTACGAG,0.769230769231
TATGTGCTCCCCAACT,0.738461538462
CCCACATTAAGCACGCACAAAATAGGGCT,0.676923076923
ACCGTCGCAGCCAATGATT,0.892307692308
TTTCTTCGGTGAGAGATATGCACTAG,0.861538461538
CACAAGTACTCTCACTTGTGTTAGA,0.923076923077
AGGGCACATACTCTCTGAAGAGACATGCAT,0.646153846154
CGGCCGAATGCACAGGCGCCAT,0.861538461538
TGCGTATTTCAAGCTATAAACGCC,0.953846153846
TTTGACAGACACACCAACGTCGTTGTC,0.769230769231
GAGAGGATTCCACTACCGTATCGCACACCG,0.553846153846
ATGTTATGAACGGGGGGTCAATC,0.953846153846
GGACAACGACTAGTTGAC,0.830769230769
CGTAAAACTACGTACATGTAACATT,0.984615384615
GTATCGGGTGGATGTTTGTCTGA,0.953846153846
TGAGTCTTTTTGACTAC,0.707692307692
ATTTGTTTGTTTCCGCCCAAGGCCCT,0.8
TCTCTTCTATGCGAGGT,0.769230769231
TCATTCCGACCGTACTGCTATCGGTGAC,0.676923076923
TATGCGCATCTAAATTATGAGAGGGA,0.892307692308
CTCCGCAGGAACTCATCCCGTTACGGG,0.646153846154
AATCTTACCCCGTAA,0.646153846154
CATGTAGTTGGACTTT,0.676923076923
TATGAGGTCGATTATAGGAATCTCGT,0.892307692308
ACACACGCTAAATTACCATACCTCGG,0.830769230769
TTTCTTCAACGTGAGCAATGCGCGACTC,0.707692307692
GTATACCGGTTGGAGGCAATG,0.984615384615
CAAATGGACACGAAACGTC,0.861538461538
GGTCTTGACGATGGTCGTGT,0.953846153846
CCAGGGTTACTAAGGCTGCCA,0.984615384615
ATTCGATGACACAGCACAGAGGATACT,0.8
TAGTCAGCTCGTGAATAGCAACGGCT,0.8
ACAACTATAAGCCATTCGATTCCGCCCCT,0.676923076923
ACAACGCTTACCAAATCCTGCGTGAGCT,0.707692307692
GATATAGTATGGGCGTTGG,0.861538461538
AGCATTTACCTTTAGTAGCCATGC,0.953846153846
ACTCAACAAGTCCCTCCGAAC,0.984615384615
TTACAAGCCATTCGTT,0.676923076923
CGCACCGCCTGCCTT,0.8
TCATCTGATGGCTCAAGTACCTTTTT,0.892307692308
TACGCTGGATGCACGGGTT,0.923076923077
ACTAGTTCTACTGTCTTTAATATCCTA,0.923076923077
AAATAATACGTTCGCTCCAGCTTTCAC,0.830769230769
CCTATTGAAAAACCTTGTACTTCGACTCTA,0.738461538462
TTCGGCGTACAACAAGCAGCGTCCCTCAT,0.615384615385
CTGAACATAAAGCTCACGCAT,0.923076923077
TTGCGGTACTCTCTTCGTACGG,0.953846153846
TGTCCGCGTCACGCTGTATTGGGTCCCA,0.615384615385
TACCGGCCTGCCTTACCTCAGTTGCG,0.707692307692
AGAGCCATCTAACACCAAAGG,0.953846153846
CAAATGACAAGGCTAATAAGCACGCACAGC,0.646153846154
TTTAGGGTCCGGATTAACGTACAGCAA,0.8
ACGAGTTACGAGAATT,0.676923076923
GAATCTGTCCATGGCCAAT,0.861538461538
TGGGCTCTTATTAGCGTGCGATCTCG,0.769230769231
TGCCATAAACCAACTGG,0.769230769231
ATGACCGGTGCGGAGGGAACACC,0.830769230769
AGCTTGCCGGATGGAATCCTACTGA,0.830769230769
ACCGTTCGAGCGCAA,0.738461538462
AGATGCCGCCCCGACT,0.830769230769
TATTTAGATGAAAAACTAA,0.676923076923
GGGAGCTCGTCATCGTGGGCGACTG,0.707692307692
CCGGTGACGAGAGGTGTCAGCCAGGTAG,0.584615384615
ACTATTTGACATGCGCG,0.769230769231
CAGTCCACCACAAGAATGGAGCGTTCAAT,0.676923076923
ATTCCCTTTTATCTAGAGAATG,0.892307692308
ATCGTGGACGACCAAATGACGCGCGGAA,0.646153846154
CAGGAGACGCAGAAAAGGCTGCATGGCAG,0.584615384615
GCTTGTATGTTCTAGATCGGA,0.923076923077
CTCTATAGTAGATTAGATTCACAGGA,0.923076923077
GCAGCCGTTCGCGGAAGTAGGTATTGTGC,0.584615384615
CGAGAGTTTCATCTTGCGCATAGCG,0.830769230769
AAAATCTATATACCGCTTCACA,0.892307692308
CATCGCTGCCTGATAGG,0.830769230769
AGTTACAAAGTGAACTCCGTAGGTG,0.892307692308
GCAACGGCTCCTGCA,0.769230769231
CCCCTCATGTTGTGTGTCTATAT,0.984615384615
CTGCTTAAAGATTACCTGCAAGACATCAG,0.738461538462
TTATGTCGATAAAGAG,0.646153846154
GTGCGTGTCGGCTATAG,0.830769230769
