GCGCTGGGAGGGCCCGCCTCCGCCTGACCC,0.307692307692
ACCGAGCCGCCGCCCCGGCGGTCGCCTTCT,0.338461538462
AGAGGGCTCCAGCCCGGCGACCGCCGCTGG,0.338461538462
GGGACCGCCCCGCCCCCAGAGCACCGCGC,0.338461538462
CAGCCGTCCACCCGGCGCCGCTGCGCGAG,0.369230769231
CAGGCCCCTGGCAGACCGGCGCGCTCCTCA,0.369230769231
CCGAGCTGGATAGCGGAGCGCGCGGCGGAG,0.369230769231
CCTTAGGGCGGCAGGGTCCCGCACGCGAGC,0.369230769231
CGCGGATCTCCGCTCGGTCCGCGATGCGCC,0.369230769231
CGGATCCCTCCCCCGAGTCCAGGGGTGCGG,0.369230769231
GCCGCTCAGACAGACACCCCGCAGGGGGCG,0.369230769231
GGCGAGCACGTGCCCACCGTGGACGCGTGC,0.369230769231
GGCGTACGGCGAAGCGGGGCGCGCGAAGGA,0.369230769231
TGGCGCCCCAGCCTGCAAGCGGGCTCAGGC,0.369230769231
AGGACCCGCTGGCTGCGGTTCGGGTCCCAG,0.4
ATTCCGCCCGGGTGCTGCGGTCCTCGACGG,0.4
CCATCCCCGCCGCGCTGGGACCCAAAACGC,0.4
CCATCGCGGGTGCGGGACTCCAAGACGCCC,0.4
CGCGCATCCCACGGGGTGCCGCCCGTGGT,0.4
CGGACGGGACACCCTCTCCCCCCGGCCTG,0.4
CGGCAGTGCCGGCCCACGCCGTGCAGAGG,0.4
GCCGTGTGGGCGCGCCCGGATGAGCAGCG,0.4
GCTCTCGCTAGCCCGCCCCGGTAGCCTCGA,0.4
GGGCCGCGCCAAGTGGGGAGTCCCGCCTC,0.4
TCGGGACGGAGGCGGCTTCCGTAGCAGGCC,0.4
TGCTAAGGGGACGCGCCCCTGGACGGTGCG,0.4
AACAGGCGTAGGGAGATCGGGGCCGGTGCG,0.430769230769
AACCTGCTTGTGCGGCGGGAGCCGTTGCGC,0.430769230769
AAGCGCCAGGGCGCGCCCGAAGGAGCCAC,0.430769230769
AAGTGGGCCGGCCGCCCCGATAGGCCGTAA,0.430769230769
ACGACGCGGAGGTTGGCGCAGCCCGAGAAC,0.430769230769
ACGGATGGAGCGATGGCCCCGCGGGGACAT,0.430769230769
AGAGTGCCGGTGCAGCAGGCTCGCCCGATG,0.430769230769
AGCGGCGGCAGGGTATTTGGCCGGCGACGA,0.430769230769
AGGGGGTGGGCCCCGTGCAAGCAACGGTCT,0.430769230769
AGGTCCGGAGCGGGCCCAATTCCCACAGGC,0.430769230769
CAGGGCCCGGCCCATTCGGCCAACTCAACG,0.430769230769
CATGGGGTGCCGCCTCTCCCCTGACACGTC,0.430769230769
CCAAGCGGTCAGCCTCTCCGAGGGTTGGGC,0.430769230769
CCGCCATCCAAGGGGGGTTGGCAAGCGCGA,0.430769230769
CCGTCTGTAGGGGGCTCCGTATGCCGTCCC,0.430769230769
CGCCTGCGCGAGTACTCTTCGCGTCGGAGC,0.430769230769
CGCGACGCCCCCCACCACGCTCCGTTCAG,0.430769230769
CGGGACGCTGCACAGGGACAGGCCCCGGA,0.430769230769
CGTCCGCGACATCTTGGCTCGGTGAGCGCG,0.430769230769
CTAGCAGGCCGCCTAAGGAGCCTACGCGCC,0.430769230769
CTCGGACGGCGTATATGTCGCGGGGTGCGC,0.430769230769
CTGGTAGCAATGTGGGGCCTCCGCCCCGAG,0.430769230769
GAGGGGCGCACCGGCGGCCCACAACCTCT,0.430769230769
GCCAAGTGGGCTCCGGAGAGCGGGGGCTAT,0.430769230769
GCCGCCGCACCTCAGGGAGACAGGGGTCG,0.430769230769
GCGCCGTCCGGGAACGTCCCGCCGGTGC,0.430769230769
GCGTACCGAGGACCCGCACCGAGGCAACCA,0.430769230769
GGACGACGAACAAGCATGGGTGCCCCGCCG,0.430769230769
GGCGAGTGGCCAGGCGATCAGAGTCGCGAC,0.430769230769
GGTACGGGTTCGGGCGGTCTGCGATTGGCG,0.430769230769
GTTCTGCCAGAGGCGCCCTCACCACAGGCC,0.430769230769
GTTGACTGCCTGTGCGGCCGGGGTCGGAAG,0.430769230769
TCACGCCGCACCGGGCGTGGAGCTAGCAGT,0.430769230769
TCCGCCCCCGCTCGATTGCCCTCGACCGC,0.430769230769
TCGACCAGTTTGCTGCCGGGAACCGGGCCC,0.430769230769
TGGTGCGATGGCCTCCCCGGCCAAGCACTC,0.430769230769
TTTCCACACCGCCCGGTTCGCCACCCAGGC,0.430769230769
AACCCACCCCCTAAGCCCGATCCGCCGCG,0.461538461538
ACGCAGGACAGGCCTCGCAAGCCGAGAGGA,0.461538461538
ACTGACCCAGTGCCGCCAAGGCTTGCCTGG,0.461538461538
AGCCCTACAGCGTACCTCTCCAGAGGGCCG,0.461538461538
AGCCTCGAGATCCCCAAGGGGGCCAGTGTG,0.461538461538
AGCGATCCACACTCTGACTGCCGTCCCGGC,0.461538461538
AGCGCCAATTATCGTCGGCCTGTCGGCGGC,0.461538461538
AGCGCCGAGGCCCGCTTGCACCCAGGGAA,0.461538461538
AGCGCGAGCACGGATAACCGCCTGGGCCG,0.461538461538
AGGAGTGGCCCATGCTTCCTGAGGTGCGGG,0.461538461538
AGTCCGAGCCCGCACTGCCCCGTTTGCGTA,0.461538461538
AGTCTCACCACCCCTCCGCGGACTACGCTC,0.461538461538
ATATCGACGGCGCGCGTGCCGAGACAGGTG,0.461538461538
ATCGGGTGCCCTCCCCACCCTCTCGCCCA,0.461538461538
ATCGGGTGTGCCCAGGGTGGATACGCCGGT,0.461538461538
ATCGTGTTGGACACTGGGGCCCTCCGGTCG,0.461538461538
ATGCGCGTGGCTTCTGTGCTGGCTGGGGTC,0.461538461538
ATGGCTAGAAGGCGAGCCAGCGCTCCTGGG,0.461538461538
CAACCCTCAGTAATCCCTGCCCCCGCTCCC,0.461538461538
CAACTGCGCCCAGTCGAGCACTGGTGGTGG,0.461538461538
CACACAGCGAGGGGGGTCCGGACCTGCAG,0.461538461538
CACCTAGCCGGACCAGCTTGTCCCGTTGGG,0.461538461538
CACGCGGAAATCCGGGTCGCCGTTGAGACG,0.461538461538
CAGATATTGGCTCGCGGGGACCCCCGAACG,0.461538461538
CAGATCTAGTGGCGAGCCGCCATCCGACGG,0.461538461538
CCAAAGCCCACGAGGCCAGATGGAACCGGC,0.461538461538
CCAATCGAGGATTGCCCCTCCGGGGACACC,0.461538461538
CCCAAGTACCTGCGGGCCATACTGCTGGGG,0.461538461538
CCCACCCCCCCCCTTGGCCGTCGTCTCTA,0.461538461538
CCCCCCGGTCCAGCCGACGGTACAGACCT,0.461538461538
CCCCCCTGCCCTACCTGCACCTTCCTGCAT,0.461538461538
CCCGCGGGTGGTCGGGCAGCTCTACCTGA,0.461538461538
CCGAACGTGAAGAACGCACGCCGCGACCAG,0.461538461538
CCGAAGGGGGTCGGTTGCGGGACTGTGTTG,0.461538461538
CCGCCCCCCGCCTGCCTGCAGAGGTGCT,0.461538461538
CCGCCGCGTCCAATCCCCGGCTGACGAAC,0.461538461538
CCGCGGTCCTTACGCGAGCAGCTCCAGTCT,0.461538461538
CCGGCATTGCGTTGCCGCTAGCAGGTTGCG,0.461538461538
CCGGGTGGCGCGTTCTTGCTGCGCTCACTA,0.461538461538
CCTGCCTCATGGGAGAACGGCGGTGTCCTC,0.461538461538
CCTGGGCGTGCGCCTGCAGTGTCAGTCGC,0.461538461538
CGACTGAATCCCGCGGACGTCATCCCGTGC,0.461538461538
CGAGGCACCCGAAATGGAATGCCCCGGGGA,0.461538461538
CGCCGAGCCCCCTATGGAAGACCCAGATGC,0.461538461538
CGCCGGACGTTCTACCAGGCTCCATCCCGT,0.461538461538
CGCGCTGCACCGCTGGACGTAAAGCAGACG,0.461538461538
CGCGGCGAGCGGACGCGCGCACACTTCTT,0.461538461538
CGCTACCCGACGCGAGTGGGCAGCCTTGC,0.461538461538
CGCTCCCGCTGGCCAACTGCATTCTCTCCG,0.461538461538
CGCTCCCTGGTCGCCAGCAGATGCCGCAC,0.461538461538
CGCTGCGGTGGGCATTCGTCTTCCATCGCC,0.461538461538
CGGAGACCTCAGGCAGTGGGCGCGTAGAGA,0.461538461538
CGGATGTGAGACGGGAGGTACACGGAGGCC,0.461538461538
CGGCTTGCGTGACCTGATTCTCCGGCGGCT,0.461538461538
CGGGCCTCGCAGTGAACGAGACGTCGGCAA,0.461538461538
CGTGGGTACCGGCGTGAACATCACTGGCCG,0.461538461538
CGTTCGCGGCCCATCTTATGGCGGATCCCG,0.461538461538
CGTTCGCTCCTAGCGAGCCTCAGCTGGGTC,0.461538461538
CTAAGTTCGCCGAGAGGGTCACGGCGCAGG,0.461538461538
CTCCGTCGTGGCACGGCTCGCAGTCGCAAT,0.461538461538
CTGCACTAGCGGATCGGTTGCCCGACAGGG,0.461538461538
CTGCTGTAAACGGGCCAGCCCGTCGGGAAC,0.461538461538
CTGGTTGCCCACGGCAAGGAGCCAGGTTGG,0.461538461538
CTTACCCCCACTCCGCCATCTGGGAAGCGG,0.461538461538
CTTGCACGTCCTCCAGCCGAACGAGGAGGC,0.461538461538
GAATCGGCATCCGGGTTGCGCGAGGCACTG,0.461538461538
GACGTGGCGCAAGGGGACCCCGCTACTGAT,0.461538461538
GAGCGGCCCGGTCGACTCTCGGAACAGCG,0.461538461538
GATCTCATCCCCCGTCGCCCTGTCGCCTTC,0.461538461538
GATGCTCAGCAGCCCGCGGGCTACAATGCC,0.461538461538
GCACCACCCCTGCTGAGACCTGCGTGGGG,0.461538461538
GCACTTCCGGTCAAGGCTTCCGGGTGCACC,0.461538461538
GCCCCCCGCTTGTTGACCCTCTACCGTCAG,0.461538461538
GCCCGCCGATAAAGTCCCGGCAGGTCTGGA,0.461538461538
GCGGCCACGGGAGCGGCATTTTCTGCGAGA,0.461538461538
GCGTGCCCTGGACCTCTAGGCCAATGTCGG,0.461538461538
GCTACAGTCACCTAGGTACGGACGGCCCCG,0.461538461538
GCTCCAGGCGGCATTGACGGAGAGCAGGGT,0.461538461538
GCTCCGCGGCCAGCTGCACGCACGCGTG,0.461538461538
GCTTCCAGCCATATCGTGGCGCAGGGGGCT,0.461538461538
GGACAACTCCGTGACAGGGTCGGGTCTCCC,0.461538461538
GGACCCACGTGAACCGTCCGGCGGCCGG,0.461538461538
GGCCCTTCTGTGCGGTGGGCGGGTGGCAA,0.461538461538
GGGACAGCCAGTCCGTAGTGCCACCCTGAG,0.461538461538
GGGAGTGCCTTCGTATGCCACCTCAGGGCG,0.461538461538
GGGCCAGTGTTTTCGACCCTCCCCCGTGAG,0.461538461538
GGGCCGTTGCCGTGCCCCCCTCTACATTAC,0.461538461538
GGGGGCAGGCGCTGTGGGTGTAGGTGGTG,0.461538461538
GGGGTAGTGGCGAAGGCTAAACTGGGGCCC,0.461538461538
GGGTCCGAGCTGCGCGCCCTTGTGTGCGT,0.461538461538
GGTAAGCGGGGGAGGCTCCAGTGCGTCGC,0.461538461538
GGTCACGCCAAGCGGCACACTCCTCTCGAC,0.461538461538
GGTGTAGGATACTGCTCGGCGTAGCGGCGG,0.461538461538
GTAGAAGGTTGCGCAAGGTCGGGCACGGGC,0.461538461538
GTAGGGGGACGCCAGCACTCGAATGGTCCC,0.461538461538
GTCGGATGGACCGAACCCCCGGCTGTCGC,0.461538461538
GTCTCGACAGCACTGCGGCTTCGGGGGGG,0.461538461538
GTGCTCACGCGTCAGAGGCCTGGCGTGATC,0.461538461538
TAAGCAACAGTACCGGCCTGCCCCGGGGCT,0.461538461538
TACGAGCCTCCCAGCGCGGCCATACTGCTC,0.461538461538
TATGGGCTGACGGGGGAAGACGGGCCAACG,0.461538461538
TCCCGAATCGCATGCCGGGGCCGACGTGAT,0.461538461538
TCGCCGCAAAGGGCGCCTTGGGCTCATCCT,0.461538461538
TCGGTGGCCACAAGCGTCTTCCCGGTAGGC,0.461538461538
TCGTCCGGGTACGAGTGCTCGGCCGACGAT,0.461538461538
TCTGGGACATCTCAGGCCTGGCCTGGTCGG,0.461538461538
TGACGATCGAGGGGCGGTGGGGCGTCGAAA,0.461538461538
TGGCACTAACACTGACGCGCCGATCGCGCG,0.461538461538
TGGGGGGAACTCCAGCTCCGTTGCTTGCCC,0.461538461538
TGGTTGCCCGGACGCGGGCTTACATGTCGC,0.461538461538
TGTGCCGATAGCGAACCCCTGGCCCCGGC,0.461538461538
TTAGGCGCCCCAGCCGCCGCGACCCACG,0.461538461538
TTCCTCTACGCAATGCGCCGCGACGGCTGG,0.461538461538
TTGACGCGTCACCAGGCAGTGGGGCCCCAA,0.461538461538
TTGCTGCCGCCCCTGGCGTGCAGCCAGAG,0.461538461538
TTGTGGAAAGATCCCGGGCCACGGGCGAGC,0.461538461538
AAAGCCCCCGGGGCCGTTGCTCTTGGCCT,0.492307692308
AAAGCCGAGCGCGTTCGGAGGAGCCAAGTC,0.492307692308
AACAACGGGTGGCGCCCGTTGCATGTACGC,0.492307692308
AACAGGCGGCGCTCTCTTTCTCCGACCGGT,0.492307692308
AACGAGAGCCACGGACGCCGACCTAGAGTG,0.492307692308
AACTAGCTGACGCCCGATCCCGCCACTCAC,0.492307692308
AAGCGAGACGCCACCCCCCCATGCTCGGT,0.492307692308
AATATACTAAAATAA,0.492307692308
AATGTTGCTCCCCGAGCGCGTGCGGACAGA,0.492307692308
AATTTTTAAATAGTT,0.492307692308
ACACACACCCCCACGCCACCTACTCGTGAC,0.492307692308
ACACACGTCACGCGGTGAACCTCGCCCTCT,0.492307692308
ACAGTCCCCGAGTGGAGTGGGTCAGGGACA,0.492307692308
ACATAAAGGCCAGGGGCTGCCGTCCGCGTT,0.492307692308
ACATGTTCCACGACGGGGCCCTGTCGCACA,0.492307692308
ACCATCCCCCGCAGGGGCAACATCCACGG,0.492307692308
ACCCCATGCGGATGAACCACTTGGCGGCGT,0.492307692308
ACCGAAAAGGCCCCACGCCCAACGAGTGAC,0.492307692308
ACCGCCGTTCCGACTACTGTCGCCGGTGTA,0.492307692308
ACCTCGCGCGTGTTTCTGGCGTGCCGTCG,0.492307692308
ACGACTAGCTGGCATGCGACGGGTCCGAAC,0.492307692308
ACGCCGTACCGGGCCGCCAAATGAGATACC,0.492307692308
ACGCTGTCCCGGGCCATGTGGTGGTACTCT,0.492307692308
ACGGACCGCGCGGTGTGACACAGTGTGACT,0.492307692308
ACGGACGCGGTGCGTGCGCATTCAATGCGA,0.492307692308
ACGGGGGCCGCAGATGGACAAACGTCCCG,0.492307692308
ACGGTGATGAAGCGACCGCCCGGTTGCGC,0.492307692308
ACGGTGCTACGCAGGGGACTTCGGCCATTG,0.492307692308
ACGTACACCCGGAGCTCAGCCGGGAACTCT,0.492307692308
ACTGACCGCACTCGTCGCGGCATGCTACCT,0.492307692308
ACTGGGCTTTTCCTAGCGGAACGCGCCCAG,0.492307692308
AGAGCCACGGGTCTCCACAAGGCGTGCGTA,0.492307692308
AGCAAGCCAAGACAGGCGTCTCCGACCGCA,0.492307692308
AGCGGCTTGGTACCGGGCCGAGTAGTGCC,0.492307692308
AGCGTCTGACGCAGTCTAGACCGCGCGTTG,0.492307692308
AGCTGCCTGTTCCAGTTTCGCGCGTGACGC,0.492307692308
AGGCGGAATCGTTGTCGGGTGGGCCACTCT,0.492307692308
AGGGCGCGACTTTGCCACTACAAGCTGGGG,0.492307692308
AGGGTGGCATGAGGCCCCCGAGGCCATGA,0.492307692308
AGTAATTCCGGCAGACTCCCCACCACCGCG,0.492307692308
AGTCAGAAACGTCTCGCGGGGGCGTTTGCG,0.492307692308
AGTCAGCGGCCCTCCCATTCAACTCCCCTC,0.492307692308
ATAAACTGCCCCCCGTCCCGCTAAGGACGC,0.492307692308
ATAGCTCTCTCGGGGTCCGGAGCGTACGAC,0.492307692308
ATCGTCGCCCTACCTTGCACGTGTCGGCTG,0.492307692308
ATGACCCGTCGACTCGGATGAGGGGGGGG,0.492307692308
ATGGCGAAACACGGGGCAGACGCAAGAGCC,0.492307692308
ATGGTGCATTGCGAGTGGTGCCCCCTCCGA,0.492307692308
CAACTGATACCCAGAGGCCGCCGGCTAGGA,0.492307692308
CAAGCCCATGAGCGCCAATTGTGGCCACGG,0.492307692308
CAATCTGGGGGCAGCGCAACATTGGCGTCC,0.492307692308
CACGCGCCAGAACTAAACGGTGGGTGGGAC,0.492307692308
CACGGGCGAAGCGTTTACTCGTGGAGCGGA,0.492307692308
CACTGCTATGCGCGGACCACGTTGCGCTTC,0.492307692308
CACTGGGGCCCTACTAGCCACCCCATCTTC,0.492307692308
CAGAGGCTCTTGGCTAGAGCTGCACGGCTG,0.492307692308
CAGCCCGTCGGCCGATGACGACCGGATGA,0.492307692308
CAGCGAGCCACAACGACGTGCTGTAGTCGC,0.492307692308
CAGCGCCTGGTTCTAGCTCAGGTGAGTGGC,0.492307692308
CAGCGGCATTTCAGCGCCACGTCTGCCCC,0.492307692308
CAGGGTTGGGAGAACAGCGCGAACGGGCG,0.492307692308
CAGTGAACACTTATTCTGGCGGGCCCCCGG,0.492307692308
CCACCAAGGAATGCGACGGGGCTCAGGTTC,0.492307692308
CCATATGAGCGGCCCACGTGGCAGATCACG,0.492307692308
CCCACTCTGAGTACACCACCCTCGGCGAAG,0.492307692308
CCCAGCTTAGCCAACAGGCTGCCCTCTTGG,0.492307692308
CCCCCCAAGGCCGGTGTCCTGCACCGCT,0.492307692308
CCCGAGTTTGGTTCTAGCCAGCGGTCCTGG,0.492307692308
CCCGCTCCTTCCGCCATGGCTAGCCATGAA,0.492307692308
CCCGGTGGGGGATCAGGGGGGCCTGGAT,0.492307692308
CCCGTTCAGGACGACCCGTAGGGAGTACCA,0.492307692308
CCCTGCCACCTTGAGCTCATGACAGCGGTC,0.492307692308
CCCTGTGCGGCCGGCCGCCGCTGTGTG,0.492307692308
CCGACAGGCGTTCATACCAGACACCGGGCT,0.492307692308
CCGATCCAGCCAGCGGCGCTGACGTGTTG,0.492307692308
CCGCAAGGGGGGATCCAACGTACCCCCAC,0.492307692308
CCGCAGACATATCCGCCGCCTACTCTGACC,0.492307692308
CCGCCAACTTTTTCCGGTGCCGATGAGCGG,0.492307692308
CCGCCGCGTAAGTCGGAACGTTCTTGCCCA,0.492307692308
CCGCGCTTATCCTGATTCCCTAAGGCCGCG,0.492307692308
CCGGAAGCCGTGCCGTAACGGCGGACCG,0.492307692308
CCGTCCAGTGACACCTGCAACGACAGTGCC,0.492307692308
CCGTGACGACTTTCGAGGGCATCAGCAGCG,0.492307692308
CCTACGACGTTGTGCCGAACCATGGGGTCC,0.492307692308
CCTAGCCGACGCATAGACCCTGTTAGCCCG,0.492307692308
CCTCCTGGGGTCTGCCGGGCTTCGATTCAT,0.492307692308
CCTTCCCAGTCATTCTCGCTTGGGCGCCTG,0.492307692308
CCTTGAGGGGAGGACAGCTCTGACCAGGAG,0.492307692308
CGAATCGCTGCCCCGCAGCTAGCCCCGC,0.492307692308
CGAATCGGAGAGTCGGGGTCGTCCAGCATC,0.492307692308
CGACCCATGGGCCAGGCTCGCGATTGTGG,0.492307692308
CGAGCTTGCTTCACCTCGTCCGGCACGCG,0.492307692308
CGCAACATAAGAATCGCTTCCCGGGGCCGG,0.492307692308
CGCACATACGCGCCCTGCCTGGGCTATCAT,0.492307692308
CGCAGGTCTGGGGACGGTTTGTTCGAGTCG,0.492307692308
CGCGAGGAAGCCCCACACACTCCGCGCTT,0.492307692308
CGCGCCTCGTGACTACTTGCAGGGATGGAG,0.492307692308
CGCGGCAGAAGATCGCGGACATTGTCCTCC,0.492307692308
CGGAAATGCACCCCGACCGGCCGGGCTG,0.492307692308
CGGAGCGCGCTCCCCCTTATTTTGCAAGCG,0.492307692308
CGGCCGTGACTGGCTCGCACCCTGACGTA,0.492307692308
CGGCCTCAGGGAGCCCTCGTTTACATGACC,0.492307692308
CGGGCCAATCGCTTAGTGGCACCTCCTCAG,0.492307692308
CGGGCTTGTGCGGTGAGACTAAGCGGCACA,0.492307692308
CGGTCGACATGCGGAGGGATGGCCAACCTT,0.492307692308
CGGTCGGAGGGGTCCGCCGGCCGTACG,0.492307692308
CGGTGCCACGGACAGGGTGTATGCCGCTC,0.492307692308
CGTCCCGGTCGTCCCTCGATATAGGGGACA,0.492307692308
CGTCGATGCACCCCGCAACGCGAGGACAG,0.492307692308
CGTCTGTCGCTCAACCCCACTAAGGCCTCG,0.492307692308
CGTGGGGGACAGGAGTTCTGGAGGCTCGG,0.492307692308
CGTGTCCGTCGTCCCAACTTCGCTTAGCGG,0.492307692308
CTACGAGGGGGCAGACGTTCCGGCCGAATA,0.492307692308
CTACTACGAGCCTCGCGCACGATCTAGGGC,0.492307692308
CTATGTACGAACGCCCCCGGCGGCTATCCA,0.492307692308
CTCAGGGGCACCGGGCGACACGGATCATTT,0.492307692308
CTCCGTCAACCGTGAGCACCATGGGCCTGA,0.492307692308
CTCCTGTGCAGTACCCCCCATCTGGGTGTG,0.492307692308
CTCGTCGGCAGGGACGTGTGTGCAAGCCG,0.492307692308
CTGAGCCCGGGGGCTTTGTGATGCCAGTTC,0.492307692308
CTGCGTCACAGCTTGCGACGGGCGGAGGA,0.492307692308
CTGGGAGCGTACTGCCGCTAGTGGGGTGAA,0.492307692308
CTGGTATGCGCGGTCGTGCCACACTCGGG,0.492307692308
CTGGTCAGCTCTCCCCGCGGGGGGAACTA,0.492307692308
CTGTCACACGTACGGGGCCCTGCATGTGAG,0.492307692308
CTTCGGGAGCATGCGACATCGGGGGGCCT,0.492307692308
CTTCGGGAGCCGGACTACCCCTCTCACCAA,0.492307692308
CTTGTGACACGGAGCCCGGCCCCGCTTTTT,0.492307692308
CTTTACGCCGCGGCACATCTGCGGGGCCT,0.492307692308
GAAAGAACGGCGGGCACCGCAATGCCGTGA,0.492307692308
GAACCGAGGGTTGAAGACCGGCGGCATGGA,0.492307692308
GAAGGCAAGACGCACGCCGGATGCTGGGAT,0.492307692308
GAAGGGGCGTAGATTGCTCTACCGGCCGGT,0.492307692308
GAATATTGGGCCCTCCACGGGGTGAACCCC,0.492307692308
GACAGCCGACGGTACGGCAGGCTCGTTTTG,0.492307692308
GACCAGGCGTACAAACGACGCTCGCGATCC,0.492307692308
GACCCTTCTACGTGAACTCCCATGGGCCGC,0.492307692308
GACCGATCCCAGAGCTCGAAAAGCCTGGGC,0.492307692308
GACGTTGTACGCGGGGTGGCCTGGTCTCAA,0.492307692308
GACTACCGGTAGGGGGCCCCCAGGGTAAAA,0.492307692308
GACTCTCCGAGCGAGACTAGTCCGCTCAGG,0.492307692308
GACTTTGCACGCGAGCAAACCGGGGGAACG,0.492307692308
GAGAACGGTGCATTGGCGTGCCGCCGGAG,0.492307692308
GAGACCTGAACTGTCCGCGCACAAGCGTGC,0.492307692308
GAGCCGACCAAGCGCAGAGCGCGGGAGG,0.492307692308
GAGCGCTTCTCGTAACACCGAACGGCCTCC,0.492307692308
GAGTGACAGCATCCTCCTTGCGCGTGTCGG,0.492307692308
GAGTGGCCCGCACGCGCCCACCTGCGC,0.492307692308
GATCGAGGGGTTACCCTCAGGTCTCCCGCA,0.492307692308
GCAAACCCACTTGGAGGCCCGCGGTTGGC,0.492307692308
GCAACCACGCGCGGGATACCCATCATCCAG,0.492307692308
GCAGACGAGGAGCTCCCGAGGGCCAATTAC,0.492307692308
GCAGCTTGCGTGCCCGCAGGCCTATGAACT,0.492307692308
GCCAAAGTGCCACCTGGAGACGATCGGTGG,0.492307692308
GCCACACGGACGAGGGACGGCCGTTAGCT,0.492307692308
GCCAGAGGGACCGGCGGTGATTGTGAGTTC,0.492307692308
GCCCAATGGCACTGGGATGAGACATCGCCC,0.492307692308
GCCCCCAGTCGCAAAGGGTGGGGATAACCA,0.492307692308
GCCCGGTTGCTAGGTAGCGAGGTGACTAGG,0.492307692308
GCCGTTCTGATGCGCGACCTCGTGAACCTG,0.492307692308
GCCTATGACCTGGCAGGGTCGACAGGCAAG,0.492307692308
GCCTCGCCGGAAGATACAGCTTGCCTTCCC,0.492307692308
GCCTCGGCTGCCAGGGACGAGGGGCGG,0.492307692308
GCGAATTCTCTCGGGGCCGGGCATTGGCG,0.492307692308
GCGAGGGTCCTCGGGGTTATTGCCCTAACG,0.492307692308
GCGCAATTGCCGGAGCCGGGTGGGCCAG,0.492307692308
GCGCTACGGCAACTACGGGACACTTGGTCG,0.492307692308
GCGCTCCATGAGCTCTCAGCCAGGTTCCGT,0.492307692308
GCGCTGCGCGCGTTCATCCCGAGCACGC,0.492307692308
GCGGAGAGTCGAGCATGGATGCCGCACGC,0.492307692308
GCGGTGAATACCGGCCTCGTGAGACACTGG,0.492307692308
GCGTGGGAGCCTCTACAAGAGCCGGCCATT,0.492307692308
GCTACCCAACGAGCCTTGCCTGGGGCCGA,0.492307692308
GCTGCGTGGTCTGGGCAGCGGTCACAAGG,0.492307692308
GCTGGTTTTCTCGACGCAGAGCGGGTAGGG,0.492307692308
GCTGTCCGGAGCGGGAAACACCTGAGAAGC,0.492307692308
GCTGTCGCCCCGCAATTGAGGGTGCGGATT,0.492307692308
GCTTCGAGCGCCACAGCCCACAGTCCAGTT,0.492307692308
GGACAGGGTGTCGAGGGGCAGCGATCGTC,0.492307692308
GGACGAACCACGCTCCAAGGCGGCTGCGT,0.492307692308
GGCACACAACACAGCTCGGACGCCCGCTAT,0.492307692308
GGCCGGCAAGCCCGATGGCTACCGTGTGA,0.492307692308
GGCCTGAGGCACAGCGATAAGGCGTGTACG,0.492307692308
GGCGATGAGCACAGTCGGGACTGTGTGACG,0.492307692308
GGCGGGTGAATGAAGGGACGTTCCGCGAAG,0.492307692308
GGCTGCGGAATCCACTGTCGCCCCGTAGTT,0.492307692308
GGGACACGCAGTCCACGCATTGTACCCGTG,0.492307692308
GGGCCCTACGTTAACCTCGCAGGATGGCGA,0.492307692308
GGGCTCTGCTCTCGCCCTCGTGACTTCCC,0.492307692308
GGGTAAGCCGACCGTCTAGCGGTACCGGG,0.492307692308
GGTACACCCACTCGTCCCGTCCACTTACCG,0.492307692308
GGTCCGGTGGTACGATCGTTGGGCTCCCG,0.492307692308
GGTGGCGCGAGAGCTACTGACCCTATCGCA,0.492307692308
GGTGTGGCTACGGTCAAAGGGGCCGCTGTA,0.492307692308
GTAAGTCACGCGAGCCATTGACCGGGGGGA,0.492307692308
GTACTTGAAGGAGGAGACTGCCACCGCCGG,0.492307692308
GTCAGAGCCGCGGATGACGTCCTCCCGTAT,0.492307692308
GTCCAGGGCAAATGCACGGCGACTCTCGTG,0.492307692308
GTCCTGACCCGTTGCAGTCAGACCTCAGCC,0.492307692308
GTCGAGCCGTACCGACGTGACTTGGATCCG,0.492307692308
GTCGCACCGGTCCCAGTGGCTCTAAGCTAC,0.492307692308
GTCGCGGGCCGGTGAAATGGGCCGAAAGC,0.492307692308
GTCGGGATTCACGGTTACAACCCGCGGCGA,0.492307692308
GTCTGCATGTGGGTAGCGGGCAGACGCCG,0.492307692308
GTCTTAGCGGGCGCTGTTAACCGGGCCAAG,0.492307692308
GTGAGTTCAGCCCGGTTTGCCGGACATGCC,0.492307692308
GTGCGCGAGGGCTCCCGTAGATATGCGTGT,0.492307692308
GTGCGGGATCCGCGTATACAACGCCTGGAG,0.492307692308
GTGGTAGGTCCCCATCAGGTGTTCCCCACG,0.492307692308
GTGTACGCGCTCACGGGCCGAAGGGGAAG,0.492307692308
GTTCCACCCGCCCTTCCCCCATCCGGTGT,0.492307692308
GTTGGACGGACTCGCCAGACGACGACGAAC,0.492307692308
GTTGGCCCCCTCAGCGTTCATCGGTCCGC,0.492307692308
GTTTCGTGCAGGTTGCTTGCCGCACCGGCA,0.492307692308
TAAAAATATATTTTTA,0.492307692308
TACCAGTTTACGCCGAGGTGCGCCGCGTCT,0.492307692308
TACGCTGTGGCCCCGCCTACACCCCCGG,0.492307692308
TACTGCTCGAGGTGCGCGCACCTCACCCC,0.492307692308
TACTGGCCGCGGGGCGAGGTCCCCTTGG,0.492307692308
TAGACGGAACTCGCTCCTCCGAGGACGGTG,0.492307692308
TAGGATGGTTTGGGCCCTTGGCCGGGAACC,0.492307692308
TAGGCCCCAACGGGGTGTCAGCCAAGTTGC,0.492307692308
TAGGTCGGACCAGGGGCTGGCCTGCAAGC,0.492307692308
TCATGGCATCCTCGCCTGCGGTCCAAGTGC,0.492307692308
TCCCCCGGGGCTGTGGATCAGACGGCCTT,0.492307692308
TCCGTCTACCCGAGTCGATCGTCCCAACGC,0.492307692308
TCGAGCTCGCTTCGTGGCGTAAGCGGCTCA,0.492307692308
TCGGAGTAAGGGTTAAGGCGCCCGTTGCGG,0.492307692308
TCTCCTTCCTCGTCGTGCCCCTAAACGGCC,0.492307692308
TCTGCACCTAGCCCCTGCTGCGGAGCTAAC,0.492307692308
TCTTGCCGCCCTGTCAGCGCATCAGGCAGT,0.492307692308
TGAAGCGAGTACCGCCGCGACAAAGCCCCA,0.492307692308
TGACCTCGGCGAGGACATGGCCGACGTGG,0.492307692308
TGACGCGCCACCTACGGGAGTCGAGCGGA,0.492307692308
TGAGCACGGCGCAAGTATGAGCACACGCGC,0.492307692308
TGCACCGGGTCAGCCGGAGCCGTCGCCT,0.492307692308
TGCCCCCGGATGTTCTGAGGGCCCATTTCC,0.492307692308
TGCCTGTCGCGGTGGGTTGTATAGGGGAGC,0.492307692308
TGCGTGAGCGTTATCACCGCGGCAGAGGAC,0.492307692308
TGCTTACACTTTGTGGGAGGCCCCGGCTGC,0.492307692308
TGGAGTGCAGCCGGCGTTTCGGCGAAAGTG,0.492307692308
TGGCATGCCTGCAAGGTTGCCAACGCTCGC,0.492307692308
TGGCCAAAGCCTGCTCCCTCCATCGGTCCT,0.492307692308
TGGCCTTGCTGTCCCACGGCCCCCTCTCT,0.492307692308
TGGCTCTGAGGCGGCACCCCTGGGTAAAAC,0.492307692308
TGGGACGCGGAGCCATACCCCTGTACTACG,0.492307692308
TGTGCTGCCCCCGGTGAAGGGTCTACGGG,0.492307692308
TGTTGTCCCGACCCCAGACAGAGGCTCCGT,0.492307692308
TTACCGAGGAAACTGCCCCTGGGGTCGGCT,0.492307692308
TTAGGCCAGGCGGTCGAGGAGGGTGGTGC,0.492307692308
TTGCAAGTAGGCGGGGTCTCTACGTCGCCG,0.492307692308
TTTACCCGGCACGGCGCTCCTCTCACGGC,0.492307692308
TTTCGGCCCGTTCGTCGTCCGGTTATCCGC,0.492307692308
AAAAATACATAGTTT,0.523076923077
AAAACGGCTACCCGCGCGTGACTGGGCTG,0.523076923077
AAATCTGGACCCTCGCGCGTTCTAAGCCCG,0.523076923077
AAATTTTATAGCAAA,0.523076923077
AACCCTACTCCGCTGATGTGCCCAGGAGGA,0.523076923077
AACGGTATCGACCGACCCCCGTTCGGGTG,0.523076923077
AACGTAGGATGGTCCGGCACCTATCGCTGG,0.523076923077
AACGTTACCTGCGGATACCCGCCGGAGCG,0.523076923077
AACTCTACGGCCTGGCGAGGCCGGAGATG,0.523076923077
AAGAACGCACGACGCGAAGACGTCGGCGG,0.523076923077
AAGCACGGGCACAGGCTCTCCATGCTCGG,0.523076923077
AAGCGACCCGTGGGTCGTCTCCCTATGGTA,0.523076923077
AAGCTCGTCGTCGGAAGAGACCCCTTCGAG,0.523076923077
AAGGACCCCCCAAGTCCACCTCGTAGGATC,0.523076923077
AAGGAGGCTGAGTGTCGGACCACGCGTGTT,0.523076923077
AAGGGGGAAGAACGCAACAGACTCGGTGCG,0.523076923077
AATATTGTTTCATTA,0.523076923077
AATCCACCCTGCTGAGTGAGCCGTCGCGG,0.523076923077
AATGGGCGCCCCCTGCAGATCAATCAGACG,0.523076923077
ACACCACTTGTCCGTCCACTGGTCGCACTG,0.523076923077
ACAGAGTACCTACGGATCTACGCCGGCACG,0.523076923077
ACAGCGGTCGACGCCAACCTCTTGTTGGCA,0.523076923077
ACAGGGTAGGAACTCCTGGAGGGTCTCGAC,0.523076923077
ACCAGAAACGACAGTGGGACGCAGGCCAGA,0.523076923077
ACCCCCGGCCAACCCACGGGTTCCAAGAA,0.523076923077
ACCCGTTTCACATCGAACGCACCCCGTGAC,0.523076923077
ACCGGTGTCCTACGTTGCTACAGCGGAGAC,0.523076923077
ACGAATGCGTTCGATTCCGCCACTCTCCGG,0.523076923077
ACGAGGAGTCTCAAGTTACTCTGGCGCGCG,0.523076923077
ACGAGGGTGTAAGCTAGGAGCCCACCCTTG,0.523076923077
ACGAGTCAGAATCGGCGTGGTCGCACTTCC,0.523076923077
ACGATGTACCGCGCAGGCTTGGCCACACC,0.523076923077
ACGCACCGGACTGCAGCCCACTACAGGCT,0.523076923077
ACGCCAGAGGAAGGTCCGCTCGGAGCCC,0.523076923077
ACGCGCCCAGGACGGCTGTGTAGAGCTAG,0.523076923077
ACGCTATGCGGCCAGGTAAGGGTGTAGAGC,0.523076923077
ACGGACCGCTGATCTCAAGGAAGCTGCAGG,0.523076923077
ACGGCTCGACACTGCGACTGGGTATGGGTT,0.523076923077
ACGGGGCGCGACCTGCTAAGCTGTCGCC,0.523076923077
ACGGGTTCACTAAGGTGCTCTCCCGTCACC,0.523076923077
ACGTGCGACGACGCCCGCGGAAATCACCT,0.523076923077
ACGTGGCAATCTAGACGCTATGGCCCGGAC,0.523076923077
ACTAAGCCATCGGGCAGTCGTAAGCCCTGG,0.523076923077
ACTACGGAAACTACACCGGGTCGGACCCTG,0.523076923077
ACTCAGATGGCGGGCCCGGGTAAGATTGAG,0.523076923077
ACTGAGGCACGGGCACATCTACACAAGCGC,0.523076923077
ACTTGGCCCAGGAACCGCGTACTGATCAGG,0.523076923077
AGAAACTATTAATAT,0.523076923077
AGACACGACGTCATGGGAGAGGCGCGCTC,0.523076923077
AGACCAGAGCTGATGCCAGCGGTTGCCCAA,0.523076923077
AGATGACCGACACGTATGTGTTCGGCGGCC,0.523076923077
AGCACCCCATCGCGCTGTGGTACGCAGAAA,0.523076923077
AGCCGAGGCGCAGTTCTGTCACCGCTCTAA,0.523076923077
AGCCGGACGAGCACACCCCATCTGAGAAAG,0.523076923077
AGCCTTCGGCGCAAATATTCACGTCGCGCC,0.523076923077
AGCGACGAGTTGGCAGCGGCCATCCCGG,0.523076923077
AGCGAGGAGGTTTGGCCTTAGGACGCCGTT,0.523076923077
AGGCCACGCGCCCCGCGTGCTATCGACA,0.523076923077
AGGCCGTGGCCCACTGGTACTACGGCGAT,0.523076923077
AGGCGCCGTTCTCGGCAAATGAGGCAGCC,0.523076923077
AGGCTATACAGTGCGACGTTTCACGCCCGC,0.523076923077
AGGGAAAGAACTCCGAAGCCCATGGCACCG,0.523076923077
AGGGACTGTCGATCACGGGAGTTCAGGCCT,0.523076923077
AGGGAGACGCACCACGATGCATTACGCCAC,0.523076923077
AGGGCAACCGGACCAGAGAACCTCAGGCG,0.523076923077
AGGTCGGTCCCGCCGGTAGCTCGTGATCT,0.523076923077
AGGTGGCACAGGAAACGCGGTTGGGATCTC,0.523076923077
AGGTGGGTGTGCCTCATTAACCGGAAGCGC,0.523076923077
AGTGAATCCTACGAGGCGTGGTTTCCGCGC,0.523076923077
AGTGTTTGCCGGCTGACGTCAGTGGCCGAT,0.523076923077
AGTTCGAGCTAGCGGACACGCTCACCACAG,0.523076923077
AGTTCTAACGCCGCTCACCGGTGGCCCTG,0.523076923077
ATCAGGCACAAGTAGCCCCCGACCCCTTAG,0.523076923077
ATCCAAGGCCGGCATACGCCGTTGCGCGA,0.523076923077
ATCGCTACGGTTCGGCGCGCACAACGCGA,0.523076923077
ATCGGAGGCCCTCCGGCTAATCGCGGCTA,0.523076923077
ATGACGTTGGAATGCTTCGGCTCCACCGGG,0.523076923077
ATGAGAGCCCTCACTACGGCAGGTCTCGGA,0.523076923077
ATGAGTCAGCCCAGGGAGTTGACCGCATGC,0.523076923077
ATGAGTGGCGAACGTGCCTCGGCTCCCCT,0.523076923077
ATGCACGTCCCCAGCTCGACATGCGTCGAT,0.523076923077
ATGTGAAAGAGCCTAGCGGGCCCGAAGCCA,0.523076923077
ATTAGCGCGGATGGACTCCGTGGTGGTGCA,0.523076923077
ATTCCATAGCGCCCGACGTCGGAGGCGAC,0.523076923077
ATTTACCAGTGGTGGCGTCCGTTGGAGGCC,0.523076923077
CAAACTCGGGCTAGCCACGAGGAGCATAGG,0.523076923077
CAACAATAGTAGCGCAGGCGAGGGGACACC,0.523076923077
CAAGGCCGTAGCACGGCGACCAATGCAGC,0.523076923077
CAATTACGGGCTCCCAATGGGCGGGCCGA,0.523076923077
CACACGGCCAGCATCGTCGTACCGTACTCT,0.523076923077
CACACTCGGTTCTCCCGGACTTTCTTCGGC,0.523076923077
CACCACTCGTAGGAGGTGGGCTTCTCTCTC,0.523076923077
CACCAGGCACGATCAGCCCGCTGCTTAAAG,0.523076923077
CACCATCTGACCTCTGCGTCGGCGGGCC,0.523076923077
CACCGCGTCGGAGCAGGCCCGGGTCCA,0.523076923077
CACCGCTACTCGGCCTCGCCGTCCTATTG,0.523076923077
CACCGGCGGGCGTCGCGGTGAAGGCGT,0.523076923077
CACGAGGTCAAACACGCGGCCCCTTCTCG,0.523076923077
CACGATAGCTTCTTGGAGAGCAGGCCCCTG,0.523076923077
CACGCCAGACCGGGGAACTCCCTTGTTTCT,0.523076923077
CACGCGCCCCGGCTTGCTTTGCTTTACCTT,0.523076923077
CACGGGGGGGTGTGTCGACAGGTGTTTCTA,0.523076923077
CAGCCCACCTGCGACGATATTCGTGGATCC,0.523076923077
CAGCCGCTGACCGGGGATAGTTACCCCTC,0.523076923077
CAGCTATTAGGGGTGACGTGCCTAGCCCGA,0.523076923077
CAGGGTCCTGAGACTACTGGGTCTTTGGGG,0.523076923077
CAGGTGGACCCCCGGGGTTTGGTCTCCC,0.523076923077
CAGGTTATAGGCCATGGCGGAGGCCTGAGT,0.523076923077
CAGTCCTCCCTGCGCCGGGATTTCGTCAC,0.523076923077
CAGTCTGGGGGCCGTTAAGCAGTGACCCAA,0.523076923077
CAGTGTCGGGCGCCATTCCAGCCCTTCGA,0.523076923077
CATACAGGCCACCGAACCTGACGCCTGCG,0.523076923077
CATCCGATGCGAATCCACGAACCCCGGGC,0.523076923077
CATGCGTACCTCGCGTGCCCAGTCCAAAGT,0.523076923077
CATTGACGCTCGCCCGATAGCGGGTGATAC,0.523076923077
CATTGTAGCTACCGTAATGGAGGCCGGCGC,0.523076923077
CCACCAGAGCCCCTTAACCTGCTGGGATAC,0.523076923077
CCACGAGAGGAGAGAGTAGGGTCCGATCTG,0.523076923077
CCAGACTGGCACCCGGACCTGAGACCGG,0.523076923077
CCAGCGAGAGGAGGTAGGGTTCGGTGTTTC,0.523076923077
CCAGGAAGCGGGTTCAATCATAGAGGGCGG,0.523076923077
CCATACGTGCCGTCTCCGGGAGCTCAGAC,0.523076923077
CCATCGACCGCTTTAGCCGGTATCACGTGG,0.523076923077
CCATGAGGCAGTCCCGGACACTGGTGATCA,0.523076923077
CCATGATTACGGTCCAGAGGCTTTGGGCCG,0.523076923077
CCATTGCCCTACCCGAACGCCCACGATCG,0.523076923077
CCCACCACGACCCCAAGTAGTTTCCGCGC,0.523076923077
CCCCCTGCACAAGGAGCTAGTCTCGTACGT,0.523076923077
CCCCCTTGATTACCACGGGTGCTTCTCCAG,0.523076923077
CCCCGCAGGACTAGGGGCAATGGAGCATC,0.523076923077
CCCGCGTTTGTTCCGTAATCGGGGTGCCC,0.523076923077
CCCGGGATGCCCCAGGACTAACAGCCGTA,0.523076923077
CCCTGGACGCTCCCGAGAACGTAACCTCAA,0.523076923077
CCGAGGTGCTAGCGGGGATAGATTAACCGC,0.523076923077
CCGAGTAGCTGCTGCAAAGATCCCCACGTC,0.523076923077
CCGCCATTGGCCAAGACCGCCAATCACTCA,0.523076923077
CCGCGAGGCCTGTTGTGCGTACCAACACC,0.523076923077
CCGCGATCGAGCCAAGACGAAAACGGTGTG,0.523076923077
CCGGATGGATTTGACGATGGAGACGCAGGC,0.523076923077
CCGGGCCAGCTAGGGTTTCTAGCGACTGG,0.523076923077
CCGGGGCCCGGACCCACTTTACCCAGAAA,0.523076923077
CCGGGTGTGTCAATCCTCTCTCGTACCAGG,0.523076923077
CCGTATAAGGCGCGCTTTTTCGGGGCGTCA,0.523076923077
CCGTCCATGGGGGTCGACGTCGGTTTTAGA,0.523076923077
CCGTCGACTGCCCTATCACTTCCGTGGACA,0.523076923077
CCGTCGCGGGATAGCTCTAAGGTGCGAGC,0.523076923077
CCGTCTGCCCAGCGACACAATACCACGAAC,0.523076923077
CCGTGCTTACTGTGCTGGGAGCGCGAAGAT,0.523076923077
CCTAAGTTGGTGTGGCCGTCGCGGTGGAAT,0.523076923077
CCTACAAAGTTAGGGCCGCCCAGTACCCGA,0.523076923077
CCTACCCAGCTCGGGACCAGGCTTCAAGAA,0.523076923077
CCTACGTGTAGCGGAGCGGAACGGCCTTAT,0.523076923077
CCTATGCAGACAGAAGCTGGCACCATGCCC,0.523076923077
CCTCAGATACAGGACCCTCTCAGCCAGCGT,0.523076923077
CCTCGGGGCCCCGCAATATTGCAACGAATC,0.523076923077
CCTCGTGAGCGGCACCAAGCGTTATCCGC,0.523076923077
CCTCTGTCAGAAGAAGCCGGCGTGGGTCC,0.523076923077
CCTGAATGAACCCGGAAACCCCGTGCCCC,0.523076923077
CCTGCACCTCAGTGCTACGCCCGGCTTTC,0.523076923077
CCTGGCGCGGCCTAGCTGATGGAAGTGTAA,0.523076923077
CCTGGCTTGCGACGGACCCAACAACCTCAT,0.523076923077
CCTGTCGGAAGCATCGCGCGGGCATCCTT,0.523076923077
CCTGTGTTCTCTCACCCGGCGCTCATGCAA,0.523076923077
CCTTGCGGGCCATGACTACTGACGCAATCC,0.523076923077
CGACGCCACGGGGGAGTCGTACAATGGAAT,0.523076923077
CGACGCCCATCTGAGGCGGTCCGTTTTCTA,0.523076923077
CGACGCCGAGGAGTTGCGTCATGTTGCGTA,0.523076923077
CGACTAACTCAAGTGGAGAGCGCAGTCCCC,0.523076923077
CGAGCAAGAGGCTGAGCTGGAGAGTAACCC,0.523076923077
CGAGTATGTCGAGCCAGCTTGGTGCAGCTG,0.523076923077
CGAGTCAAGGCTGGAATCGCTCCACTCGGA,0.523076923077
CGAGTCCAGGCTCGCTTAGGAGCTAGGCG,0.523076923077
CGATCAGACGGTCTCCCGGCCTTCATCCAT,0.523076923077
CGATCAGGGGCCAGACGGGCCGCGACTA,0.523076923077
CGCAAGGTCCCCCGAGTGTAGGCATTCCG,0.523076923077
CGCAATAGGTTGCTCGCGAGGGACAACCCT,0.523076923077
CGCAGACACCCCCCCTGCGCTCACGTTTT,0.523076923077
CGCCCTTTGGAGTCCGAGAGCTCTCAAGAC,0.523076923077
CGCCGGGTGGAATTATCCACCAAACCACGC,0.523076923077
CGCCGGTGTACTCTGTCAAGTGAGGGTGTC,0.523076923077
CGCCGTAATGTGGAGCTTCCGACTACGCTG,0.523076923077
CGCCTGCGGGACTGGAGGTGTCGATCCG,0.523076923077
CGCGCAAGGGGACCCTTGTGAATACGGCAA,0.523076923077
CGCGCCCGAAATGCCATGGGTGGCTACGT,0.523076923077
CGCGCGAAATGAACGCCCCTGACAAGGGG,0.523076923077
CGCGGCGCAGGCAAATTTTGGGCTCCAGTA,0.523076923077
CGCTGATACGATCGCAATGGGATTGCCGGG,0.523076923077
CGCTTCTCGCACCGCCCGCCGCACACAT,0.523076923077
CGCTTGATCGGTGGCGGCGTATCTACTGCA,0.523076923077
CGGCACACGGCCGAGGGGGAAAGACTCC,0.523076923077
CGGCCAGAGCTGAGTTGGTCTCACGGATTG,0.523076923077
CGGCCGCTCCTGGGTGCCTATCGCGCG,0.523076923077
CGGCGACGGTCCTCGGTGCCGCAGTGC,0.523076923077
CGGCGTCCGGGGGTGACTAGTATGCGACA,0.523076923077
CGGCGTGCGTTCCACTCCGTGAGTCGGC,0.523076923077
CGGGCTGACTGGTGTTCGGTGAAGACCGG,0.523076923077
CGGGGCGGGGGATACAGTGGCCATATTCTT,0.523076923077
CGGGGGAACGCGCACCTGACAGTACACCT,0.523076923077
CGGGTCGGGACGTACACAATTCAGCCTCCT,0.523076923077
CGGTGTGCCATGCGATGTACTAGTCGGCCA,0.523076923077
CGTAGCTCTCACACGCGGGAAATCGGCCG,0.523076923077
CGTCAACATCACAGGTCGGCTCACGACCCA,0.523076923077
CGTCCCCATCCATGGGGTACGTACCCTATG,0.523076923077
CGTCGGACGCTAGCTTGAGCACCGTCGTTA,0.523076923077
CGTGAAGCCACGATTTGATCGGTACGGCGC,0.523076923077
CGTGCACCGGCCAAACCTCAGTCTGCCAG,0.523076923077
CGTGGGCCGAGGGGAACTGGGCCTTGCT,0.523076923077
CGTGTGACCCCTCCCAAAGCGACTCGCGT,0.523076923077
CGTTCCTTCCGACCCTCTTGGGGGACTCTA,0.523076923077
CGTTGCCAAAGCGTCGCAGATCCTTGGACG,0.523076923077
CGTTGGTGGCCGAAGCTGGGCCCTAATCC,0.523076923077
CGTTTGCATGGGACCCCCGCAATCGCTCC,0.523076923077
CTAAGGTGCGGCGCGTTCTCTCTGCGTTTC,0.523076923077
CTACGACGGTCCGAATGCACACCGGTATGG,0.523076923077
CTAGGGCTTTCGGTCCAATGGCCCAAAGGG,0.523076923077
CTCAAGGAACCCGTTTCGCGCCTAAGCTCC,0.523076923077
CTCCGTTGTGCTAGCCTAGGGTGGCTCTGA,0.523076923077
CTCCTCTGCCTTTGATTGGGACCGGCTTCC,0.523076923077
CTCTGCGCAAAACGCCGGCTGTTCCACCC,0.523076923077
CTGAAGAGCTGGTGCCGGTAGGCAACGCAT,0.523076923077
CTGAGGTGAGGGTAGGCCTTGTAGCTGACC,0.523076923077
CTGCCGTACATCAACGTGCCTCCCCCCAAT,0.523076923077
CTGGCTCCCTGAAACAACCGCAGCTCGAGA,0.523076923077
CTGTACCCCCCAGACGTGGACGCACTAGC,0.523076923077
CTGTGCAGCCCGCTGGGTACGCAGCGAC,0.523076923077
CTGTGCGTGATTTGCACCGAGCCCCTTACC,0.523076923077
CTTACTGGGCTAGTCCCGCCTCAGGTCCC,0.523076923077
CTTATACGGTACCGCGCGGGCGGAACAGC,0.523076923077
CTTCGCACGCAGTGTCCACGAGTCTGCCAT,0.523076923077
CTTCTGGGCCACTCTGTGCGTGGTCAATGG,0.523076923077
GAAAACTAACGGCCGCCGCTGTCTTTGGGC,0.523076923077
GAACCAACCGAGGACCATGGGCCCGCGAA,0.523076923077
GAACCACCACCCGCCCGCGAGCAGAACC,0.523076923077
GAACCCCCCGTGAATGATAGCCCACGATGG,0.523076923077
GAACGTAAATTAGGGCTGACGGGCACCGGC,0.523076923077
GAAGAATTGGTCCAGCCCCCTACGGAAGCC,0.523076923077
GAAGCCACGGATAACCACCCGCATGCTACC,0.523076923077
GAAGGATTCTTCCCGTCCCACACGTGTGGG,0.523076923077
GAATCTACATCCCCCCAGACCACGACCGTG,0.523076923077
GAATGACCCTAGTTTCGGAAGCCGCGCCCA,0.523076923077
GACAAAGGCATCCGAAGTTCGCTGGGGACC,0.523076923077
GACAGATGAAATGGCCAGCAGCCCACCAGC,0.523076923077
GACAGCCTGCGGCTTACGAGGCTGCCCG,0.523076923077
GACGTAGCTGGTGAGGCGCTTGAGCGCATA,0.523076923077
GACTAGAGCGCTAGATGCAGGGTGCTACGC,0.523076923077
GACTCACGTACTGACCTGCCCCTTCAACCC,0.523076923077
GAGCGGGCCTGCCACCGTTAGTCAGGGC,0.523076923077
GAGGAGCCCCAAAGCCGGGGCGGTTACC,0.523076923077
GAGGCTTTGGGGCATCGCCGATCGTTGTAG,0.523076923077
GAGGGCGAACTCAAGCACGCGAGGCAGTG,0.523076923077
GAGGTAGAGGACGACGACCGGGGGTCCG,0.523076923077
GAGTCAGGAGCAGGCCGGTTGAACAATGCC,0.523076923077
GAGTTACGATCCCGAAACCTTCCCCAGGGG,0.523076923077
GATCCTGGGACGGTGAACAGGCGTGACGTT,0.523076923077
GATCGACCTCCGGCTCTGGGAACGACCGT,0.523076923077
GATGGTTTCTACGCCCCACGCGTGGCGTG,0.523076923077
GATTGGCGGCACTGGCATGGTTCCTGTCAC,0.523076923077
GCAAGTGCGGCATTGCCAGTCGACCCCCT,0.523076923077
GCACCCCCGCGTTATTGCGCGTGAGGTCA,0.523076923077
GCACGGCCTTGCAAGTCACGGCGTTTGGG,0.523076923077
GCACTACTCGCTGCCGCTTACCCGGATGC,0.523076923077
GCAGGGCACCTGCATTAAACACCAGACGCC,0.523076923077
GCAGTCCCCTTCGGCCCTACATGGGGTAC,0.523076923077
GCATCCATGCGCAGGGTGTGTATGTCGCCT,0.523076923077
GCATCCCGCGGCTTTACCACCAAAGCCCC,0.523076923077
GCCAAGGGACTGCCTAGCACAGCAACCCC,0.523076923077
GCCAATGCCTCCGCTAACATTCGTGGCTCC,0.523076923077
GCCACCAGACTCATCGCAAGTTCCTTGGGG,0.523076923077
GCCAGATCAGAGGGGGTGATTCTCCTGACG,0.523076923077
GCCAGCGGCACGCCTGCGAAGGACCAAG,0.523076923077
GCCCATTAGCGGCCCTGCTGGATCTGAGC,0.523076923077
GCCCCCACTTCGGGACGCGGACCCCTAT,0.523076923077
GCCCCTCAACCGAGTGCAGTGAGGATTGGT,0.523076923077
GCCCGAAGCCTTTGCTTAGTGCGTCCGGC,0.523076923077
GCCCGCCAATACCAACTCTACGGGAATGGC,0.523076923077
GCCCTCCCAGATCTTCCCGCATTTGGCCC,0.523076923077
GCCCTGTCTGAGCCCCGTAGAGGTACTAAG,0.523076923077
GCCCTTGCTACGAAGCGGGCGCATGTTGC,0.523076923077
GCCGAGTCTCTGCTCCGGTGATCGGCCTA,0.523076923077
GCCGCTCCTTTACCCCTACCAACGGCGTTA,0.523076923077
GCCGCTGGGGGTGGGTCCGTACGTGGG,0.523076923077
GCCGGCACGACTCGGAGACTAGGCAATCC,0.523076923077
GCCGTAGCGCCTCCCAGGACGTCTACATC,0.523076923077
GCCGTCGTCCCCGACCTGCTTCGAGGTC,0.523076923077
GCCTACCACCCGCCGCCGTGTAGACGGA,0.523076923077
GCCTCATATCCCGGGGTCTAGCGCGTGTAA,0.523076923077
GCCTGATATGACCGCCTGCTGTTCTCAGGC,0.523076923077
GCCTGCCTTTCTAACCCGCCCGCGCAAATT,0.523076923077
GCGAATCGCTTGGGCTACCTGGTGCCTGAT,0.523076923077
GCGACAGCATGAGTCCCGCCCGTGAGGC,0.523076923077
GCGAGACGAAAGTAGGCGCCCATCCGACTT,0.523076923077
GCGAGAGGCGATCCTATAAGGAAAGGCCGC,0.523076923077
GCGAGGGCCCACGCATCAAGTGGTGTTCC,0.523076923077
GCGCCGGTCTCGCTCGCCGGCGAGGG,0.523076923077
GCGCGCCGGTGCGGCCGCCCCAAACAA,0.523076923077
GCGCGCCTCCGTCTAATCTACCTAACCGGT,0.523076923077
GCGCTATCCCTCGACCTGGTGTCCGTGATA,0.523076923077
GCGGCAGCCATTGGGGCTATCGTTCGGTC,0.523076923077
GCGGCGAGCATAGGTTCCGCATATGAGCGA,0.523076923077
GCGGCTCGACCGGCATGCACAGAAGAAAGT,0.523076923077
GCGGCTTGTTTGCAGAACCTGATCACCCGC,0.523076923077
GCGGGTGGGCGGGACACCTGGGTACCG,0.523076923077
GCGTCTTTGCCGCTTTTGACCGACCGTCGT,0.523076923077
GCGTGCGTATTGCTTCCCTCCACGGGGCA,0.523076923077
GCTACGGCATGTGCGAAGCCCGCTGTGTG,0.523076923077
GCTCCGAGTGGACCGAGGTCCCCTGACG,0.523076923077
GCTTCTCCTCCTGCTACGCCTGTGAAAGGC,0.523076923077
GGAAGAGAAAGCCGTGACGGTGATCGGTGC,0.523076923077
GGACGGCTAGCGGTGTTTAGGGATGTGGAC,0.523076923077
GGACGGTATCGTAGCGGGACCGACTAGATG,0.523076923077
GGACTCCCGGCCGCGAAATCCGCGCCAA,0.523076923077
GGAGGGCCCGTGCGCAGCGGTGCCTCA,0.523076923077
GGAGTTACACCGTCTAGGGACGGAGAACGG,0.523076923077
GGATATCGGCCTAAGCCATTGAGCGCTGGG,0.523076923077
GGATCCCTCATCCGTGCCGGGGTAGAGTAT,0.523076923077
GGCACATCCCACTAACAGGGCACATCCCAC,0.523076923077
GGCAGATAGGCCACCAGCGTGTCCTGGAC,0.523076923077
GGCATACCGGGAGGTAGGTTGTGCCGGCT,0.523076923077
GGCCAATCCGTGCGTGGCCAACATTGTCGT,0.523076923077
GGCCCCGCATGTGACTAAGCATGGCACGTT,0.523076923077
GGCCCGAGGCGGCTCGGGATTTCCAAGC,0.523076923077
GGCCCGCCTGCCGGCCGGGATCACTAG,0.523076923077
GGCCCTGCGGACGCAGCGGTTTTTTCGAAA,0.523076923077
GGCGACAGACCACCGGCTATTGTAGCCGC,0.523076923077
GGCGAGGCCCAACACATCTTCGCTCCGGA,0.523076923077
GGCGGCCTTTTCGCCCCCCTGATATCCTC,0.523076923077
GGCGGGCACTATCGTAAGTAGCAGGGTGAC,0.523076923077
GGCTCCGGTAATCGGGGCGGATATGTCCTT,0.523076923077
GGGACGAGATCACGTCGCGTTACGCACATG,0.523076923077
GGGATCCGCGATGTGGTCTATAAGAGGGCC,0.523076923077
GGGCAAATGTACTCCGTCGTGGCAATGCGG,0.523076923077
GGGCCCGACGATCTGGCAGTACCTGGCG,0.523076923077
GGGCCTACAGCCAGCCTAAAGCAATGCCAG,0.523076923077
GGGCGGAAGTCGCTGTTCTGCCCATCAACT,0.523076923077
GGGCGTCCGGTTAGCCAGCTAACTCAGTCA,0.523076923077
GGGCTCCCGTATGGTTCGCCCCCTACTTC,0.523076923077
GGGCTCTTGTCTAGCCTCCGGTCGGAAGC,0.523076923077
GGGCTGGTCGTCGTGAGGATCCCGGGATA,0.523076923077
GGGGCAGCGCATAAGCTAGTAGCGAGAGAC,0.523076923077
GGGGCGACGAAGGAGCCGATGCAAGGTAG,0.523076923077
GGGGCTCAGATACACGTCACGTCTCGTACC,0.523076923077
GGGTGAACCTTCGCGGGGCGTAGCCCTAA,0.523076923077
GGTCGATCACCCGTGCCGGACCTGTACAC,0.523076923077
GGTGAGCAGCTCCCCTACAGGCTTCGGGA,0.523076923077
GGTGGTAGGGCCAGGGAGATGGGCCCGA,0.523076923077
GTAACTGGGGGTAGTACGCCACCTCGCGG,0.523076923077
GTAATCCTGGCCCATCCTGAGGGCCTAGCT,0.523076923077
GTACCGTGGAATGGCTGGCAGGCAAAGCCT,0.523076923077
GTACGAAGGGAGTTGTGCTGGTGCACAGCG,0.523076923077
GTAGACCGCGTTTCGGACCTCGGCACCGT,0.523076923077
GTAGACCTCGCGACCATGCTTGCGCGGATA,0.523076923077
GTAGACGGTCTCGTGGCCGACTTGTCTAGG,0.523076923077
GTATCGCTAGCTCCGCTTCCGTCGTCCAGA,0.523076923077
GTATCGTACGTGGAGAGTCGGTGGGGCGG,0.523076923077
GTCAGAGAGGCCAAGGAACGGGGAGCGAC,0.523076923077
GTCAGCCGCAATCCCCGCTGCCCGTCAC,0.523076923077
GTCCCATTACGCACCGTGTCCCGTAGTGCA,0.523076923077
GTCCCTTTCTTACCCGCATGCTGCCCAGTC,0.523076923077
GTCCGCGGAGTAGCCGTCCGTATTCGCAC,0.523076923077
GTCGTCGGCTTGCTCCTCCGGTGTGCGAT,0.523076923077
GTCTATCACACGGCCGGTGACGCTGTAGCT,0.523076923077
GTCTATCCAGCGTCTCCGCCCGAGCGAAAT,0.523076923077
GTCTTAAGTGCCCCAGGGCCATGAACTCGC,0.523076923077
GTGACTTACAGGTTCTCGAACGAGCCCGGC,0.523076923077
GTGCATGTGGCCGTACAATCATCCGGGCTC,0.523076923077
GTGCCACGGGTGGCCTTGGCCATAACTTCA,0.523076923077
GTGGCAGCCAATTGCTGCTACGCGTCCTTG,0.523076923077
GTGGTCATGCCAACGCGGCGGATCATACAC,0.523076923077
GTGGTTTCGTGGTCCGTGGGCTCATCTAGG,0.523076923077
GTGTCTTCGCTATCAGTAAAGCGCCCGCCC,0.523076923077
GTGTGCGAATGGGCTACAGGGGTGTTGGAG,0.523076923077
GTTACGTCCCCGCAGACCCGCCGGCTTC,0.523076923077
GTTAGTCCGGCGCACATGCTGTCCGATCGA,0.523076923077
GTTTACATATAAATT,0.523076923077
TAACACGACGATAGGGCATCGGCGCTGGTC,0.523076923077
TAATGGCATTGGGTGCATCGGAGGGCACGG,0.523076923077
TACAGCTCAGACTAAGGGGACGCCGACACG,0.523076923077
TACCCGCGACGGCCGGCCCAAGACGACA,0.523076923077
TACGACGAGCAAAACCGCCTTTTGCCGGCC,0.523076923077
TACGGGGGTAAGCAGGGATCCACGTCCCAA,0.523076923077
TAGACTCACGGGCAATGCGGACTGGTGCGA,0.523076923077
TATACGCCAGTCTTTCCAGCGGGCTCGTCG,0.523076923077
TATGCTAGGTGCGGCGGTCCCGACTGAACT,0.523076923077
TCAGTGTATCCGCGCTATGTGCACCGGGAC,0.523076923077
TCCACCTCCCAGGGCGATCCATAAAGCCTG,0.523076923077
TCCAGCACCTGTCAAGTCCAAGGGGCTGGT,0.523076923077
TCCAGTCTGAATGATCGCCACACGTGGGGC,0.523076923077
TCCCTCATTGCCCGATCAGAGCTGACGGAG,0.523076923077
TCCGCGTTCGACACCCTGCTGCGCCGCA,0.523076923077
TCCTACTGGCGCTGTCGTCTGGCCATCGAA,0.523076923077
TCCTTACGTTCCCCAGCCAGCTGGGGACG,0.523076923077
TCGCGGGGGCGTCCCACAAGGGGGAATC,0.523076923077
TCGGGAGAATCCCCGAGCGGCAGTTCATTG,0.523076923077
TCTACAAGTCCCATGGTGCGCACACGGAGG,0.523076923077
TCTCGGGGCGGTGCCGGTAGTCAGTCCTA,0.523076923077
TCTCTAAACCGGCACGCCTTCCGCTGTACC,0.523076923077
TCTGGTTCCGGATCGGGCCCGTGTTCCAC,0.523076923077
TGACAGTTGAGAAGGACCGCTCTGGCTGGG,0.523076923077
TGACGTGAGTTAGGGGGATTGCGGTAGCGG,0.523076923077
TGAGGCTCCCAGCCAGAGTGTTAGGGAAGG,0.523076923077
TGCCACTACACGCTAGGATCACGTCAGGCC,0.523076923077
TGCCATAACTGCCCCCAGGGCGATCTTCGA,0.523076923077
TGCCCCGGGAGACCAGGCTTCATCTCGATT,0.523076923077
TGCGCACCGTACTCTACCTGGAGCAGGTGA,0.523076923077
TGCGCCCGAAACACGCCACCAACAGGACG,0.523076923077
TGCGGAGTGCCTGCGTAGCCCCGCTCGA,0.523076923077
TGCTACTTACCGGCCCCGGACGGAAGCAAT,0.523076923077
TGCTCAGATGTCCGTGTGAGCAGCGCACGA,0.523076923077
TGGCATTTCCCGCCGTCGGCACTCATTAGC,0.523076923077
TGGCGTACGGCAGGTATCCCTGACCGGCA,0.523076923077
TGGTCACGCGACTGGGGCTAAAGGGTCGG,0.523076923077
TGGTCCACTAGGGCTCGAAGCGCCGGGG,0.523076923077
TGGTGCGATATTCCCGCGGCAAGTGGGCG,0.523076923077
TGTCCGTCGCGATGGCGATGGTACCCGAG,0.523076923077
TGTCCTCGGCATCGGGTAGCAACACGTGCT,0.523076923077
TGTGAACACGGCTGGGACGGGTTGTATGCG,0.523076923077
TGTGAACGCGCGAGTTGCAGGTGTGCCGAT,0.523076923077
TGTGCCGAATTCTAGGTACGGCCTCCCTGC,0.523076923077
TGTGGCCGATGCCGGGAAGCTACCATATCC,0.523076923077
TGTTCGGAGTTGGGATCGCGCCCGCATTCT,0.523076923077
TGTTTCAAGCCGGGACCTACCCGCGGATCA,0.523076923077
TTATATATTTAAAAATT,0.523076923077
TTCACGGCGGCGGCAGACATCCTGATCGG,0.523076923077
TTCGAGCTCAGCTACCAAGTGGCCCGCTGT,0.523076923077
TTCGGTTGACCTCTCCCCACTCCCGGTATC,0.523076923077
TTCGTAGGACTCCTCGAAGCGTGCTGGTGC,0.523076923077
TTGACTGACGCGCGAGGCCCAGGGATGGA,0.523076923077
TTGCAAGCCCCCTCGGGCAATCGCAAGCAT,0.523076923077
TTGCGGCACTGCCAAACTCCGTCGGAAGTG,0.523076923077
TTGGGCCCGCGATTGCAGCCTCGTAACAAG,0.523076923077
TTGTCCCTCTCTCGCGGTGCTACACCTAGC,0.523076923077
TTTAAGCGCGGTCCGAGTTTGCCCCGATGG,0.523076923077
TTTAGGAGGGGACCGAACCGATCGCGAGGA,0.523076923077
TTTGCGCGCGTCGCTGAACCCGGCGTATC,0.523076923077
TTTGTACTGCGACGGCACGAATCTCCCCGC,0.523076923077
TTTTGCTCAGCGCTTACGGGGTCAGGCGCT,0.523076923077
TTTTTATTAACCTTT,0.523076923077
AAACATTCATAGAAT,0.553846153846
AAACCTAGGCAGTTCTAGCGGCGAAGCGGT,0.553846153846
AAATCAAACATGATA,0.553846153846
AAATGTATAATTGAAA,0.553846153846
AACGCAGCACCAAGATGGGTCCTCCATCTC,0.553846153846
AACGTCCAATGACAGAGCACGTCGCGTGCT,0.553846153846
AACTAACAATATTATT,0.553846153846
AACTCCGCCTCCGCGCCTACTGCGCGC,0.553846153846
AACTGAACGCAGGGCAACACGTTGGTAGGG,0.553846153846
AAGATAAGTAAGAAT,0.553846153846
AAGATACTGGCCTCGCCCTCCGTTACCACT,0.553846153846
AAGCAAGCTGGAGGCGGCTATCACCGTCTT,0.553846153846
AAGCACGTTCTGCGCACGGATGACACCGG,0.553846153846
AAGCAGCGGTTTCCTAGCTACACCGAGTCG,0.553846153846
AAGCCATGCCGTCGAAGCGGCGGTTTCGT,0.553846153846
AAGGAAGAGGGCCTACCCCGACGAGCGC,0.553846153846
AAGGCGACCCAGGACAGAGCGCGGGATG,0.553846153846
AAGGGCGATGGTTCTCTCCCCACCATGGG,0.553846153846
AAGGGGCGAGCCAGGACACACTGATGCAC,0.553846153846
AAGGGGGAGCTCAAACTCGCGCTGTGGCT,0.553846153846
AAGTGAAACAGGCCGGGAGCTCCCCCTGA,0.553846153846
AAGTGCCACGCTTAGTGCTTCGGCCATTGC,0.553846153846
AAGTTGATGCGACCACATGCCGAGGGAACC,0.553846153846
AATAAGCTTCCGCCCAGGGATCTCTAGCGC,0.553846153846
AATCCCACCGGACGAAGAGATGGCCGTGG,0.553846153846
AATCCGGAGCCTTGTCGGCGTGGGCCTC,0.553846153846
AATGGTTACGACCTCTCCTGATGGCGGCCT,0.553846153846
AATTATCGAAAGAAA,0.553846153846
AATTCAAATATTTTTC,0.553846153846
AATTTAAGGCGGGCGCCGCTTTGAGCTACG,0.553846153846
ACAAACCGCCTCGCCAAACTTAGTCGACGG,0.553846153846
ACAATAACTTCTAAA,0.553846153846
ACAGAGATCAGGAGGCTGGCCCTTCGCGA,0.553846153846
ACAGATACGTTCTCCGTTCCCTAGGCAGGG,0.553846153846
ACAGCCACGACTCAATCCCGATGCGGAAGA,0.553846153846
ACAGGCAGGACCGGGTTTGTGTCTACGCC,0.553846153846
ACAGGGAACCCCTGCCGGGGGACATGAAT,0.553846153846
ACATCATATCGCGCGGAGAGTCCGTGTCGA,0.553846153846
ACATCGTGCTCTGGAGGCGCGGCCATTTG,0.553846153846
ACCATTGGGGATGGGGCTAGCTCCATAGTG,0.553846153846
ACCCAGGGCAACGCCGACCCCACGTGC,0.553846153846
ACCCCGGGGTACAGAAAGGGCGACTGTCT,0.553846153846
ACCCGGGAGACCTAATGGTAGTAAGCGCCA,0.553846153846
ACCCGGTCCGAGTGAGTGCATTGCCCCC,0.553846153846
ACCGCCCGCCCGGGATCCTGAGAGCGT,0.553846153846
ACCGCTACCTTTCGTCGGGAACCACGCCT,0.553846153846
ACCGGCCAGCCCGACGCTTACGCTGCG,0.553846153846
ACCGTGCCCTCCTGGGGGGGGACTCTG,0.553846153846
ACCTGCTGGCGCGGGGGACATCCCTTATT,0.553846153846
ACGAAGCCGCAGGATGTAGTGTCACGTGCA,0.553846153846
ACGGACCTTCTGCACGAGTTGAGCCCTGAA,0.553846153846
ACGGGTGGACATTAGGTGTACCATCGGACC,0.553846153846
ACGTAAGTCTCCTACCTCAGGAGGGATGCC,0.553846153846
ACGTCCACGCACTTCGTGTATCCGACGTCA,0.553846153846
ACGTCGGTGGCCATGGATCGATGCCCGC,0.553846153846
ACGTGCACCGACTCGCGAATCTTGCCGAC,0.553846153846
ACGTTAATCCGGGGTGCGCCAGCTTCTGTT,0.553846153846
ACGTTATACTTTTAT,0.553846153846
ACTACCTGGCCGCCGTCCCCCCGTCTG,0.553846153846
ACTACGCCGCGAGCATCTTGTGGAGATGTC,0.553846153846
ACTGAAGCTGCCGCCCTCTAATAGTGCTGG,0.553846153846
ACTGCGTACGGCGTGAAGGCATCTCTATCG,0.553846153846
ACTTCACCGAGGGCTGAGCGTGGATGCGA,0.553846153846
ACTTGTCCTCCACTCTTGTGCTAGGGGCAC,0.553846153846
ACTTTGCGGCGCCGGGTGCGGAAAGTGAT,0.553846153846
AGAAAGCGCCTTGTTGGCGAGATACGAGCG,0.553846153846
AGAACCCGAAGTTCGGCCAGGTCGAAAGTC,0.553846153846
AGAATTATAGCAAAA,0.553846153846
AGACGCCGTATATCGTGGATCGGCAGCGTA,0.553846153846
AGACTTTGCCGTTGCGGTGCCATCGACGTT,0.553846153846
AGAGATACGGCCGGCTACGTCCATCCACTT,0.553846153846
AGAGATGCCCTACGTTTGACGGGCGTGGG,0.553846153846
AGAGCGCTCCTATCCCAGCTGACCTAACAC,0.553846153846
AGAGTACAACGGGAGCCACGCCTCAAGCAA,0.553846153846
AGATAACTGGCAGCGGTGGGGCTCCGGG,0.553846153846
AGATCATCATAGGCGGAACGATGACCCGGC,0.553846153846
AGATCCTTGGCAAAGGAGGGGCAGTCGGC,0.553846153846
AGCAGGCGGCCAGTAAGGACTTGACACCG,0.553846153846
AGCCAGCCTTACTACAAGGACTGCAACCCC,0.553846153846
AGCCATGGCCCCCCGACCCGTTTCTCCT,0.553846153846
AGCCCTTGCAGAGCGCCCAGTAGCGCTAT,0.553846153846
AGCCGGCCCGGGCTTGAAGTCAGACATATA,0.553846153846
AGCCTAACAGAGGCCTGTCATGGAACAGCG,0.553846153846
AGCCTGCTAACGCAAGTTACTTACGGCCCG,0.553846153846
AGCGTGTCTTAGGCGGGCCGATCGTGCTA,0.553846153846
AGCTCCTGGCGCGAACCAAGTCATCCGATT,0.553846153846
AGCTCTCTAGTGGGTGCGAGTGATGCGTCT,0.553846153846
AGCTGCCATTGTAGATCACGTCCGGGTCGT,0.553846153846
AGGACTGTCCGGTTCACGATGCAGCGGGA,0.553846153846
AGGAGACAGCCAATCAGGCTTTTTGCGGCC,0.553846153846
AGGAGCCTACGTCTGGGTCTCGCAACGAG,0.553846153846
AGGAGGATGCAAACGTCCGTTACAGGCAGG,0.553846153846
AGGAGTATCGGAGGTCTGCTCTCGACTCCT,0.553846153846
AGGGAAGGAAGCGAGTAGGGCTCTAACACG,0.553846153846
AGGGAATCCCGTTGCCGGGCGCATGTACA,0.553846153846
AGGGAGTGCATGGCTGAGCAGACCGCCC,0.553846153846
AGGGATCGACCGGGCAGTCTAGGCTATCTT,0.553846153846
AGGGCGAAAAGAGCCTGCGCCTCGCAGTA,0.553846153846
AGGGCTTCTGATCTCGTAGCATACCGTGCG,0.553846153846
AGGGGGGGGCCATCGGTACTCCCGCAG,0.553846153846
AGGGGGTGGTAAAAGGGCTCGATGTGAAGC,0.553846153846
AGGGGGTGTCGTGACAAAGGCGCTTGCAG,0.553846153846
AGGTTGCGTCCGCTGATCCGGAAGGGTGT,0.553846153846
AGTAAAAAGCTAATA,0.553846153846
AGTCCGTAGGCCATGACCCGCATTCGCTG,0.553846153846
AGTCTGACCGTACTGAGCGGAGTTACCGAG,0.553846153846
AGTGCCGGCCTCCGACATCAGGTCCTTTAA,0.553846153846
AGTTACCGCATTTGCTGCGGCTTGCCCGAT,0.553846153846
AGTTGGGTGTTCGTCCTCCATTGCGGTTCC,0.553846153846
AGTTTCGACGACCCCATTCGCCGGAGTGG,0.553846153846
ATAAAGTTGCAAAAA,0.553846153846
ATAAATAAACCTAGA,0.553846153846
ATAACGATTTCTAAT,0.553846153846
ATAAGTTTTATTGCA,0.553846153846
ATATGAACCAACCCGTCCTGCGAGCTGCGA,0.553846153846
ATATGGGTGTACCACGCGGCGGCGAAGAG,0.553846153846
ATCACAGGAACGTCCGGCTGTTACAGGGTC,0.553846153846
ATCACGTACTACACAGTGACCCGCGGAGTG,0.553846153846
ATCACGTCGGGTACTTTCGAGCTCGGGGG,0.553846153846
ATCATGAGCCACCACCCGCAACGCCTGTC,0.553846153846
ATCATTCACCATACGCCCCGACCCTCGTCA,0.553846153846
ATCCCTCGCCTTCCAGAGGCTACCCGCC,0.553846153846
ATCGAATGCCCTGGCGCGCTACAGGCGG,0.553846153846
ATCGCCCTAGGCCGACTTGCCACACTATCT,0.553846153846
ATCGCGTTTAAGGTCGTCCCCCCCACTGG,0.553846153846
ATCTCCGATCTGCGCTAGTTGAGGGGACGA,0.553846153846
ATCTCGACGGCCCAGCAGTCCAGTGCCG,0.553846153846
ATCTCTCAGGGCTTCAGAATAGGGGCGGAG,0.553846153846
ATCTGATTCTGGCCCGGGACAACCTAGAGG,0.553846153846
ATGAGGTTTAAATAA,0.553846153846
ATGATAGGAGCTAAGCGAACCGGGCGGGTA,0.553846153846
ATGCGGCTTTGGAGAGCTGGCTCTCCGCA,0.553846153846
ATGGGGCTTGTCGGGACCGACGTGCCCA,0.553846153846
ATGGTGTGGTTGCTCGACGAGGCTCTCCAA,0.553846153846
ATGTCGGACATGGACCAGTCTACCCTTCGC,0.553846153846
ATGTGCGGCTATTCTGCGCCTCCAAGGCG,0.553846153846
ATGTGGAGGGTCTAAGCAACCCAGGTGTGG,0.553846153846
ATGTGGGAACTTACTAGTCCGCCACAGCGG,0.553846153846
ATGTTTATTATATGC,0.553846153846
ATTATAAATATTCCAA,0.553846153846
ATTGCATAACTATTT,0.553846153846
ATTGGGTTTCTGATGCCACGCCTCTCCGCA,0.553846153846
ATTTCAAAAAGTTAC,0.553846153846
ATTTTATGACGTTAT,0.553846153846
CAAAAATCTATTACT,0.553846153846
CAAAGGTGCGTTCAAACGCGGTAGCCCATG,0.553846153846
CAACAATAGTAATAT,0.553846153846
CAACAGCGCACACACGAGGATTAGCCCATG,0.553846153846
CAACCGCGCTCTCCATGTCTCGAAGTGCAT,0.553846153846
CAACCGTCCGGGTAGGGGCGATGTTTAAGA,0.553846153846
CAAGCCGGACACCAGCGGACGAGTTAAGC,0.553846153846
CAAGGGAGCCAGTCGTCTGTTCCTAGATGC,0.553846153846
CAAGTCGAACCATCCTGTCCGTCCCTGCAT,0.553846153846
CAATATGCCCGTGCCCGGACCACGGGAG,0.553846153846
CAATCGCCGGAGGTCCCTTATGTGATGACC,0.553846153846
CACACGTAATCCGTCGGTTTCTGCAGCCTC,0.553846153846
CACAGAGCGTCAAGTCGGAGCGGGTAACC,0.553846153846
CACAGCGGCAACACCTGTTCCCCATCTGG,0.553846153846
CACATAGCCTCCGCCACGCGGCCGGGA,0.553846153846
CACCACCAGTGTTCCCGTGCTCATAGCCTT,0.553846153846
CACCAGATCTGAGCCCTTGGGCAAGTAGAC,0.553846153846
CACCAGGATGTTGTTAAGGGGGCAGTCCGA,0.553846153846
CACCCGTCCATGTTACGGCCCCTCCCTTT,0.553846153846
CACCGACTCACTTCTGCATCGAGGACCCTA,0.553846153846
CACGAAATATAATTT,0.553846153846
CACGAGACTTAGTACTGAGGCGAGCCACGA,0.553846153846
CACGCGAGGACCGCTGAGCCGGCACTC,0.553846153846
CACGTCAGACGTAATATCACCGCAGTCCGG,0.553846153846
CACGTGAACTGGTGCGAATCGGATGCCTTC,0.553846153846
CACTCTACGTGTGGAAACGTTACCGCGGCA,0.553846153846
CACTGAGCGAGGCGTGCAGGACCGCAATA,0.553846153846
CACTGCCTATGCACGCCAAGCCTTCGTGC,0.553846153846
CACTGCGACCTCTAACGAGTAAACCGGGCT,0.553846153846
CACTTCACGGGGAGTCCGGCTATCTCACAA,0.553846153846
CAGAAACGGGATCACGGCGCCCTCAGACT,0.553846153846
CAGAAGACTCAAGCGACGCCCGTGGCCTA,0.553846153846
CAGACCCCCGGCAAGCCCACTCTCAACG,0.553846153846
CAGACGTTGTTTGGGGCCGTCGCCATTGG,0.553846153846
CAGAGCGCCCTTGTCAGTAGAGAACTGCCT,0.553846153846
CAGCGCACGGAGGTCGAGTATGAAGGATCT,0.553846153846
CAGGAGTGCTCATGTACGCCCGCTGTTCAA,0.553846153846
CAGGGGATTCCCGGAGCATACGCGGCAAT,0.553846153846
CAGGGGGGACCCCGTTTGGCTACACATCA,0.553846153846
CAGGTGGATCGCGGATATAAAGCTGGCGCT,0.553846153846
CAGGTTCCGCGAGTTGCGCAGGATATGCTT,0.553846153846
CAGTGAGACGGACTGGCGTCCTTACAGAAG,0.553846153846
CAGTGGTCATTCTGGCTGTCCTTACGGCAG,0.553846153846
CATAATAATTACCTA,0.553846153846
CATAGCCTCCCCAGATCAGCGCCACAGGA,0.553846153846
CATAGGATCTCGGCCTGCAACGTAGCAGCT,0.553846153846
CATAGTCCTGAAGTCTATCCTCCGCTGGCG,0.553846153846
CATCCAGGGTCCGCCCAGACACGCTGGA,0.553846153846
CATCCTCGAGGCTGGCTTCCTTCAGTGCAT,0.553846153846
CATCTACGGCCGCGAATCGCTCTGCAAAGT,0.553846153846
CATGCGCGGTGGGCAGAATAGGAAACGTCT,0.553846153846
CATGCGCGTCCGGGCAGCCCGTGCAAC,0.553846153846
CATGGGTGGAAAACTGGTCTAATCGCCCGC,0.553846153846
CATGTGGTCAGCCCAACGGGTGAGCACCT,0.553846153846
CATTATATACTATGA,0.553846153846
CATTGGCTGCGCAGTTGACTTAAGCCGGGT,0.553846153846
CATTGGGCACCGGGAGCTACACGTAGCGT,0.553846153846
CCAACAGTACGCGAAGGCCGACCGACAAC,0.553846153846
CCAAGGCGTGATGAAAGCGGCTGTGCCAC,0.553846153846
CCAATGGTAGCTGGGTGGGGGTCCCTGG,0.553846153846
CCACCGCATCCGAGCACCCTACCGGAGT,0.553846153846
CCAGACGCAGTTCGCCCAACCCCTTATACT,0.553846153846
CCAGAGATGCCCCAGCACACTCTGTACAAG,0.553846153846
CCAGCACCCACCACCTTTAGGGCAATTGAG,0.553846153846
CCAGCCGTAGGCCCTTCAAGCACTACGGA,0.553846153846
CCAGCGGTGGTCATTAAGTGAGCCGCGGT,0.553846153846
CCAGGATCCGGTGCGTCTCTTACGTCTGTA,0.553846153846
CCAGGTTGAGCTGGCAGCTGACCCATAGG,0.553846153846
CCATCAAACCTAGGTTGGGACTAGACGGGG,0.553846153846
CCATCGTCATCGACCCGAGACGCGGATTTT,0.553846153846
CCATGCAGCTCGAGGCCCCTTGGGAAGC,0.553846153846
CCATGGGGGGAAATGTTGACTGACGGGCC,0.553846153846
CCATTCTTCCGGTTTACCGCTTCCCGCGAA,0.553846153846
CCCACAGGCCGGTCTCGCCTATTCTTCAC,0.553846153846
CCCCACGGGCACCATGACTCAGGCGATTA,0.553846153846
CCCCCTGCTGAAGCCTAAGAGACTCGTGAT,0.553846153846
CCCCTGCGTCCGCCCAGAGCTGGTAGG,0.553846153846
CCCGCATCGTCCTGCGCCAATGACGTAGT,0.553846153846
CCCGCTACGAGTAGCGTACGACAGAAGTTC,0.553846153846
CCCGGCGACCGCCGCCACCTTGACTCT,0.553846153846
CCCGGGTGTCGGACTAGGCTATTCCCGG,0.553846153846
CCCTAGGGCCGCGTCGGTAACGACCATTT,0.553846153846
CCCTTATGACCCCCACCTGTGGACCCTGT,0.553846153846
CCGAAAAAGCGAGTATCCCGAGACGTCCCT,0.553846153846
CCGAAAGGCTTGCGTGCCTCCGTGAAGCT,0.553846153846
CCGAGTGCTGCCGAATAAAGCACTAGGCAG,0.553846153846
CCGAGTGTAGGCTCGCCAGCTACCGGATT,0.553846153846
CCGATAAAAGTGTGGACGGGAGTGCCGTCT,0.553846153846
CCGCACAATCTCAACGCCACCCGGGTGTT,0.553846153846
CCGCACTATACAGGTCCAACGCCAAAGCTC,0.553846153846
CCGCCCACGGTGCAGTCATAAGCCTCCAT,0.553846153846
CCGCCCGAGGCCATGATGCAGAAAAGTCG,0.553846153846
CCGCCCTCGAGTACTCTACCCGGCTACG,0.553846153846
CCGGACTCGTGCAAAGTAGCTTGTTCGCCA,0.553846153846
CCGGATGGGGGAATCCTGCAGGCTGGCA,0.553846153846
CCGGCGCTTCATGTTATCCGCGACTACGG,0.553846153846
CCGGTAGGAATAGCGGAGCCTCTTCCTTAG,0.553846153846
CCGTATTTGGCACCCGTTTCGCCCCTAGC,0.553846153846
CCGTCCGCGTTTTGTTATTCGCGGACGCG,0.553846153846
CCTAACGCCGACCTCTCCGACGCTGTACA,0.553846153846
CCTACGCCTACCGAACTCGATGAGCGTCTT,0.553846153846
CCTAGGGCCATCGGGCCGTAGATCGTCG,0.553846153846
CCTATTCCATCCTGGTAGGCACCCTCAGGA,0.553846153846
CCTCCGTGCAGACTCCTATAATGAACGGCC,0.553846153846
CCTCGAGCTGCAACTGTGTGGTTCGACTCA,0.553846153846
CCTCTGAGTCGACCAAGCCTCCGGTCAAG,0.553846153846
CCTGCCCGGTTACCCTACTTAGGGAGTGTT,0.553846153846
CCTGCTCGCGGAGTTAATAGCCTGACCACA,0.553846153846
CCTGGGTCACTCCCACCCTCTGCTTGCC,0.553846153846
CCTTAACGCCGTTTCCTACAGCGGAGCCAT,0.553846153846
CCTTCCGATTTCTGTGGCGGTGCCGTTCG,0.553846153846
CCTTGGTGAGGCGATTTGCGAGATCGCGC,0.553846153846
CGAACCCCAATCCGTATACCCTGTGGTGAC,0.553846153846
CGAATCTATCAGGGGGCAGTAACCCCGCC,0.553846153846
CGACCCGGGCAGGCATCCCGTATTGAGG,0.553846153846
CGACCTTGGTCTAATGCCCCTGTGGATCAG,0.553846153846
CGACTCATCCGAGCAAGGAGAGTGTGTACG,0.553846153846
CGACTGAGTTCAGGCATAGCGACAGATCCG,0.553846153846
CGAGCGCTAGGCTGTTAAAGACCGTTCGGA,0.553846153846
CGAGGCTGGTGGAGACGCAACCGGTAATG,0.553846153846
CGATACCATCGCGTGACAGCGCTTTAGTCC,0.553846153846
CGATAGGTTAGGGCAAAGGGTGCCGCTCG,0.553846153846
CGATCGGGATTCCAAGGAGAGCATGGCGTA,0.553846153846
CGATCTCGCCGCCACGAAAGAACCTCCGT,0.553846153846
CGCAGAAGGGAAGAACGCGGCGCCCCG,0.553846153846
CGCATCCGCACCACTTAGAGACCCGAGTG,0.553846153846
CGCATTCCCATACACGTCACGGTGGGCGT,0.553846153846
CGCATTGTGCGCAGACCCACGTCATGGTTA,0.553846153846
CGCCAGGGTCAACGACCTCTTAGCGGAAC,0.553846153846
CGCCGACAACGTCGTTGTACCCAAGAGCG,0.553846153846
CGCCGACTCTAGACCGGAGAAAACGGTGG,0.553846153846
CGCCGGTGCAAGTGCTTCCAGCCCTGGT,0.553846153846
CGCCGTCCGATGCCGTGTGTGGACTATGA,0.553846153846
CGCGATGGTGTTCCTGTCATGCAGCAGTAC,0.553846153846
CGCTCTCTCGGCTACCCAATGTTAAAGGCG,0.553846153846
CGCTGGTCTCATGGCAACGAGCATGCTCAT,0.553846153846
CGCTGTGTCGCTATAGGTAGGTGATGGGAC,0.553846153846
CGCTTGAAAGAGGCGCGCGAACCTGTGTG,0.553846153846
CGCTTGTGGGGCGATGGAAACTCGCGACA,0.553846153846
CGCTTTTTGCGGCACGCGGCTAGCGTAAG,0.553846153846
CGGACCGCGCGCGCGCAACGTTGCACT,0.553846153846
CGGCAAAGACCACGGCTGTTGTCCACGCT,0.553846153846
CGGCAGTGTGGCAGGAGCTTCTGTTACCAA,0.553846153846
CGGCGCCGGGCAATCGCCGACACCAAC,0.553846153846
CGGGCGACCGTTCGTGATTTAACAGGAGGA,0.553846153846
CGGGGACCGTTGCCTGTGAGCCGTCCTT,0.553846153846
CGGGGCTTGTCCAGCGCGACATGCATGG,0.553846153846
CGGGGTGAAAGCGTTGGTCTCCGCAGCC,0.553846153846
CGGGTCAACTGGGTGCTGACAGACTTGATC,0.553846153846
CGGTAAACCGCTCTGTCCTAAAGTCCCGGT,0.553846153846
CGGTCATCGGGTACCGGATCTCATCCGATA,0.553846153846
CGGTCATGAATTCGGGCCTGCGATGGATAG,0.553846153846
CGGTGCTTGGGTGCAGAAGCTAGGGGGTA,0.553846153846
CGTCAAAGGCCAAACACACCAACCCCTTCC,0.553846153846
CGTCAGGGTCGGGAACGACAGTGATCCCT,0.553846153846
CGTCCCCCATCACGGCCACCGCAGCTC,0.553846153846
CGTCGCGGTTAAGGGCGATGTCAATGGCG,0.553846153846
CGTCGGCGACTGTGAGGGCAATTTCTCGG,0.553846153846
CGTCTTCCCGTGGCGCTGGGGGAAGTTG,0.553846153846
CGTCTTGAGAAGATCGGGCGATGGTACCGT,0.553846153846
CGTGTGTTCCTAGGGCATGCTGCTTGCCC,0.553846153846
CGTTACGGGCAGGGAGTCCACGCGAGGT,0.553846153846
CTAACGGCCATGGCTTCACCGGAGCTCTC,0.553846153846
CTAAGGTGGCCACGCCGCTTGGACCTACA,0.553846153846
CTACCCCTGATGAGATGGCGCGTCGGCC,0.553846153846
CTACTGAGTCCGTGCGGGTATACTCCCGG,0.553846153846
CTAGAAGCCACTAGCCCGCTGTATGTGTGG,0.553846153846
CTAGCCCTCTGTGCTGTACGGGATAACCAG,0.553846153846
CTATAGAATCAAATA,0.553846153846
CTATGAGTATGTCCTCGCCCGGGCGGTATA,0.553846153846
CTATGGCGGGCCTGATCGGGGAAGGAGG,0.553846153846
CTATGGTCTGGCACAGTACGGAGTGGAAGC,0.553846153846
CTATTCCCCACCGACGCCCGGGGGGCA,0.553846153846
CTCACCGCCCAGTCCTTTGATGCACAGGAT,0.553846153846
CTCACGTGCCCGTCCCAATTATCCCGTCTT,0.553846153846
CTCATCCTGAAGGGAAACTCAGACACCGGC,0.553846153846
CTCCAAGATCGCTTCAAGGTCCCAAGCAGG,0.553846153846
CTCCGAGCTGCACCCGGGAGGATAACCG,0.553846153846
CTCCGCGTGCGGAAGCTTGTATTGCGATCT,0.553846153846
CTCCTCTAGCCTAGCTACAGCGCACGAAGA,0.553846153846
CTCGACCTGCGCGCACGATGTGTCGTATG,0.553846153846
CTCGCACCCGCGTTGCCGTGATTGAACTG,0.553846153846
CTCGCCCCAAGCAGCTAGAGCTAAGCGTC,0.553846153846
CTCGCGGCCCCGAGTATACTAGGGGATCT,0.553846153846
CTCGGGATTCGTGTCCGCAGCCGTGGTC,0.553846153846
CTCTATTCTGACTGCGCTACAACGCACGGC,0.553846153846
CTCTGGCCGAGATATCGGAGGTGTCACATG,0.553846153846
CTGAGGAGGGAAGCGACGCAGCTCGCCA,0.553846153846
CTGATTTGGCGCGGCAGCGAGCACCAAAG,0.553846153846
CTGCCGTCACCAAGCTCGGAGATGTGGAC,0.553846153846
CTGCGTCGCCATGAAGTTTGCTTCGGGACA,0.553846153846
CTGGACGTCCTCCGCTGATGTGACCGGTT,0.553846153846
CTGGACTAGTTTCGCTGCTGACTAGGTCCC,0.553846153846
CTGGCACCTCCGTGTTCGCGTACGTCCG,0.553846153846
CTGGCAGACAGCTGGTCAAGGAGCACTAGT,0.553846153846
CTGGTAACCCGTCCCCCTCTGACACTCAG,0.553846153846
CTGGTTCCGGATGGATAGGATCTTGACCGC,0.553846153846
CTGGTTCTGCGGGTTGCTATTGTCCCGTTC,0.553846153846
CTGTCGACCTACTCAGAGCAAGGGCATCTG,0.553846153846
CTGTGACAAGTCGCGTTCGTCGTGCGAGC,0.553846153846
CTGTGAGCTCCAGCCAGACCCACAGTTTGA,0.553846153846
CTTACCGACGCGGAGTCTTGGCTCGACTTT,0.553846153846
CTTAGTTATGAGGCGGCAACGGCCAATCGC,0.553846153846
CTTATCGCCCATGCCCTCGCCCGGACCA,0.553846153846
CTTCAGTCCCATCACCCCGCAGGTAAACAC,0.553846153846
CTTCGTTCGACCTCTCTGGGCCAGGAACAT,0.553846153846
CTTCTGAGTGGGCCCGCATAGTGAAAGGAG,0.553846153846
CTTCTGCCCTTTTAACGAAGGGAGGTCCCC,0.553846153846
CTTGGGTTAGTGCACGTGCCGGGCTGTCA,0.553846153846
CTTTCATGTAAAATT,0.553846153846
CTTTGAAGGACCGGGTATTCGCGGAAACGG,0.553846153846
CTTTTCTCAACATGCCGCCGAAGCCTCCCT,0.553846153846
CTTTTTAGTGTTTAT,0.553846153846
GAACCGTCTCTCAACGTGACGGTCTGAGCT,0.553846153846
GAACTCCTCTAGGGGTAACGAAGGACTGCG,0.553846153846
GAAGACGGCCCGTTACCCTTTGCCCAGAG,0.553846153846
GAAGGCGGAGTAAGTATCTCCCTTGGCGGA,0.553846153846
GAAGGGGATGCCTTCTAAACCGCCGGACG,0.553846153846
GAATTTTATTCAGTA,0.553846153846
GAATTTTCTGTTAAT,0.553846153846
GACAACGGTCGCAGTTCCAGTATGCCGGTA,0.553846153846
GACACGCCGGCAGCCCGGATGCCTTGG,0.553846153846
GACCAAGCGAAAGTACGGCCGCTAGTGATG,0.553846153846
GACCAGGCCATCGTAGTACGATGAGTTCCG,0.553846153846
GACCATCCGTGTCTAGTCCCTGTCCGTCC,0.553846153846
GACCCTGGGACCTGCAACCCAACAGGACA,0.553846153846
GACGGAAGCCGTCCTCCGCTTCGACCGA,0.553846153846
GACGGGGCACTGCGCTATTTGATCGACCG,0.553846153846
GACGGTTTGTCGCGCACTGGAGCGATCAG,0.553846153846
GACGTACTAAACCCCCCAAAATGGCACGCG,0.553846153846
GACTCCGTGAACCCAGGAACCGCGCGAC,0.553846153846
GACTGCCGTGGACGCCTGGCACTCACGA,0.553846153846
GAGAGAGCGGTTCATCAGGGAGAGCCAGC,0.553846153846
GAGAGGATTCCACTACCGTATCGCACACCG,0.553846153846
GAGCCTATAGAGGAATCCGTGACGCGCGTA,0.553846153846
GAGCGAGATTCGTGCACGTCCCCGGGGA,0.553846153846
GAGCGCCTCTTACGCCAGAGATGGTAGTTG,0.553846153846
GAGCGTATCATGGAGGCCGAGGAGACCCT,0.553846153846
GAGCTTTAAGAGGTCCCTCTGCATGGAGGC,0.553846153846
GAGGACTGGATTGATCAGCGGCGGTCAGAT,0.553846153846
GAGGCCGTGACGGGAGTGTCTGCCTTTAG,0.553846153846
GAGGCGTGGGACGTTAGTGGCGTTATGCC,0.553846153846
GAGGGGACTCGAACAGCCAAGGTAGCCCA,0.553846153846
GAGGTACTGATCTTCCCCTCGAGGTCATCG,0.553846153846
GAGGTCCCAGATGAGGCTGGAACTGGCGA,0.553846153846
GAGGTGAGAGTCCCCGCCCACCCCTGG,0.553846153846
GAGTACGCAACAGGGTATCCGCGAGCGCT,0.553846153846
GATACCCGTTCCAAGGACGGGGCTAAATGG,0.553846153846
GATCCACCCCACGGTTAGCGTAAGCTTGAC,0.553846153846
GATCCACGTGTAGGGGAGCGGAAGTTTTCC,0.553846153846
GATCGAATTGTCGCACCCGGGGCCTAAGTT,0.553846153846
GATGCCCAAGTAGAGCCCGGGGTCCTCC,0.553846153846
GATTGACTATCAGCTCCCGCATCGTCGACG,0.553846153846
GCAACACCGTCAGACTGAGGCCGTAGCATT,0.553846153846
GCAATAGTCTGGCAAGGCGTCTCTGTCTGC,0.553846153846
GCACAGACCGTCGAGTCCTACCCGAAATAG,0.553846153846
GCACATGCGTAAGCGTATCCCCCCTGCTC,0.553846153846
GCACCCGCGGGCCATTTGCGTATTGAAGTA,0.553846153846
GCACGTGTCGGTCCTTTGCGCAGCATTTAC,0.553846153846
GCACTCCTGGCCGGTAAAGCTGCGTTGCA,0.553846153846
GCAGGCCGATGCACTGCGAGGGCGTGAT,0.553846153846
GCAGGGGGCATGGCCAGAAAGTAGGCAATT,0.553846153846
GCAGTCCCTGTGCACTGCCATCTGAGAGC,0.553846153846
GCATAGCCGAGGCCACGTGACTGGAGATAT,0.553846153846
GCATGGTCAGCTCGCTACGATGTGGAGCTA,0.553846153846
GCATTGATGCAGACTCCCCGGCATATCTGG,0.553846153846
GCCAAGCTAATTCACCCGCGACTAGGCTCT,0.553846153846
GCCACCGACCTAAAAACCATCGGTGGGCAA,0.553846153846
GCCACGCACTAGACGTTAGTTCACGACTCC,0.553846153846
GCCATGGGCTTCAACGGCAGATCACCGTC,0.553846153846
GCCCATTGGAGGAGCCATCAGGCTTTTTCC,0.553846153846
GCCCCGGAATTGTACATGCCCGCAACATCA,0.553846153846
GCCCGCATGGATGATGCGGCCGTGGCG,0.553846153846
GCCCGTCGGTGGCTCTCCGGGTCCCG,0.553846153846
GCCCTCTCGGACTCGCGATTTGGAATGTAG,0.553846153846
GCCCTTTGGACTAGTGGCCGCGTTACGTC,0.553846153846
GCCGAACAGCGTGGCTCAACGGAGTGTCA,0.553846153846
GCCGACAGAGCTGAACCCGCTTTCGCTAC,0.553846153846
GCCGCATAGCGTAAGCGGGATCCCAGTAC,0.553846153846
GCCGGCGTTTTCAGGTTACTGCTAGGGCC,0.553846153846
GCCGGTATTACCCAGCTTGCCCGGTGGC,0.553846153846
GCCGGTCGAAAAATGCGTTTGTCCATGGGC,0.553846153846
GCCGGTGGATCGTTGTGCAATATGCGCGG,0.553846153846
GCCGTATTTCCTGCGCAGTCACTGGTCCTT,0.553846153846
GCCGTTATGCGTGGGAGCGAGCTTAAGACA,0.553846153846
GCCGTTGTGGTGGCTCGCCTTACGTCGC,0.553846153846
GCCTCGCTCGATTCGGGTCACGCCCCC,0.553846153846
GCGAAAAGAGAACACAGGCGGCTAAACCCG,0.553846153846
GCGAAGTGCTCTGCCCCTTTCCTTGCGTC,0.553846153846
GCGAATCAGCCAACCCTGACTACCGCCGT,0.553846153846
GCGATAGTGAGCTCTCGTGCATATCACGCG,0.553846153846
GCGATCAAAGCCAGGTGGCGATTTGTCACG,0.553846153846
GCGATCCGCGCGGGAATGTTGAAGAGCCA,0.553846153846
GCGCATATTTCAGGCGTGTGAGCACAGAGG,0.553846153846
GCGCGTACGAAAAAGTGGCCTTCCGATCCA,0.553846153846
GCGCTAACTACCCGCCGTTCGCCCTAGTT,0.553846153846
GCGCTAATTCAGCCAGCCCTGGTGCTTTCA,0.553846153846
GCGCTACCTCCTAGCGGACATTGACTGCC,0.553846153846
GCGCTCAGAATATCGCGCATCCCCGCGC,0.553846153846
GCGGCTCCCGTCTCAGTAACCGGTTGCAT,0.553846153846
GCGGGGTGGCAAACTCCGTGTGATACGCT,0.553846153846
GCGTCGAAACCTAGAGGTGGTAGCTGTAGG,0.553846153846
GCGTTACCCGGCAGCCATACATGGCTTACT,0.553846153846
GCTAAATCGGTGCGCGGTGGCATGCGCC,0.553846153846
GCTAAGCCCCGACGTCTTAATCCCCAGAAG,0.553846153846
GCTAATAGACGCGACCGCACTCGGGACTTT,0.553846153846
GCTACGTTTACGCTGCGGTCACTAGCGCC,0.553846153846
GCTAGACCGGACGCCGATGGATCCCAGC,0.553846153846
GCTAGAGTGCCTAGTTCGGTGGGGTCCAC,0.553846153846
GCTCCCCCCTCTTACCGTCGTTCAGACGA,0.553846153846
GCTCCGGGCTGCACCGAGCCGGCATTG,0.553846153846
GCTCCTAGTCGCGACAAGATCCTCGGTTCT,0.553846153846
GCTCTCCTTCGCTCCCGGGGATGTTCATC,0.553846153846
GCTGAACGACGGGATTGAGGCTACGCATAC,0.553846153846
GCTGCTGGTGACGGTAACCGTTCATACCTG,0.553846153846
GCTGCTTTTAGCGCGGATCTTGTCCGGTAC,0.553846153846
GCTGGTCGATTAGATCCGGCAGACTCTTCG,0.553846153846
GCTTGAGCCGCTTCATATGCCACAACCACC,0.553846153846
GCTTGTGGCACGGGATTCACTCATGCGGC,0.553846153846
GCTTTCACCAGGATAGGATCTTGCCTCCCC,0.553846153846
GGAACGGAGATCGGCGAATTGTTAGCGGGA,0.553846153846
GGAAGGAGACTTCAATCGCCCGAAGCCGAT,0.553846153846
GGACAGTTGTAGCGGGCTCAGCCGATTAAC,0.553846153846
GGACTGCGTATTGGCTGCCGTTTTAGGAGG,0.553846153846
GGAGACCCAACGGGCTTTTTCCCGTGCAG,0.553846153846
GGAGGCATCCCGATATGCAGGGTACCTCG,0.553846153846
GGAGTAAACCAGCCGTGAAACGAGCCGTTC,0.553846153846
GGAGTGTCCTGAGTCGTCTTCGCTACGATG,0.553846153846
GGATATAAAATATGA,0.553846153846
GGATGAGTACGTGCACGACGCAGAACCCG,0.553846153846
GGATGCCATGGGTTCAAGGAGTCAGCCACA,0.553846153846
GGATTAGCAACTCGGAACCCAGCGCAGCG,0.553846153846
GGCAAAGCGCGGGGTAACAGCCACCCTG,0.553846153846
GGCACAATTAGACCGAGCGTGGGGCCCG,0.553846153846
GGCACTAAGATGAGTCAATCACCGGCCCTG,0.553846153846
GGCAGGCAGGATAAGTAGCCGTCGAGGAAA,0.553846153846
GGCCAGGTCCCGGACTTCTATGACAGAGTA,0.553846153846
GGCCCAGATATGTACCATTACGTGCGGTGG,0.553846153846
GGCCCCCGAAGGTGTAAGACCCCACGAG,0.553846153846
GGCCGCACCTTACACATTGGAGCAGCCTG,0.553846153846
GGCCGCGCTTGTGGGGCCGTCGGCCT,0.553846153846
GGCCTGCATCAGGTTCCGGCGTATGCGG,0.553846153846
GGCGCCCCCTGCTAGCCGCTGGAATCG,0.553846153846
GGCGCTTTTGAGCAGTATTACCTCCTCCGC,0.553846153846
GGCGGGGCCCACAATCCCTCGTGCGTAT,0.553846153846
GGCGTTGGTTTACTGGGCCCGCCCACCA,0.553846153846
GGCTAAGTAAAGAGCGGGTGGACTGCGGTA,0.553846153846
GGCTAGCTCGTGTTCCGAATCGATGGGTGA,0.553846153846
GGGACGGGGCAGGCGCAGCGTGTGAAG,0.553846153846
GGGAGAGACCCTCATGGCCAGGCACCTC,0.553846153846
GGGCAACCGGCGTATTTTTTGGCGCTGCTA,0.553846153846
GGGCCCGGGCCACTAACCAAGTCAAGGG,0.553846153846
GGGCCGATATTAATCCGTCGGGATACCCGT,0.553846153846
GGGCGCATGTGGCGTCGGTCAAAGTCGG,0.553846153846
GGGCGCCCTGGTTTATGGCGCTGCCTGT,0.553846153846
GGGCGTCGCTAGGAGCGCTACCAGAACTT,0.553846153846
GGGGACACTGAATGTGCGGTGCGACAAACT,0.553846153846
GGGGACAGTGCGCCGGCGGATTGCTCC,0.553846153846
GGGGAGGGCTCAAGAGTAATACTTCGAGGC,0.553846153846
GGGGTAGGACGATAACTATCCACGGTCGAG,0.553846153846
GGGGTGTTATCCCCTATCCCGCACTGGAG,0.553846153846
GGGTACGTTTTCACCACACACAGCCCCAGT,0.553846153846
GGGTATAACAGGTACTCGGCAGTCCGCTTG,0.553846153846
GGGTATGCATCTACGACAGGAGGTGGGTGT,0.553846153846
GGGTCTGGTACGCGTGGCCAACAGAATTAG,0.553846153846
GGGTTGGACCCGGAACGGACGAATACCTG,0.553846153846
GGTAATCCCGTCCGGGCTTTGGGTATTCTC,0.553846153846
GGTAGAAAGCCGCACCTCGACAACGCTGC,0.553846153846
GGTATCGTCGTCGGGACTCGTCGGCCAG,0.553846153846
GGTCACAGAGGTGCCACCTACCCTAGGTAA,0.553846153846
GGTCAGAGAGCTATACCGAGGACCCACCC,0.553846153846
GGTCAGGTTCCGGCCAGGACACGTACTAC,0.553846153846
GGTCCGCACTCCATGTACCAACGAGGTGG,0.553846153846
GGTCCTCCTGCCACCACCTAACTAGTACGA,0.553846153846
GGTGCAGTGCTCCATTCCTCGCAAGGGCA,0.553846153846
GGTGCAGTGGGGAACCTGAGGACAATCCC,0.553846153846
GGTGGTACACCGAAACTTCCCTCGCTGACA,0.553846153846
GGTGTTCAACCTCGACCTGCCGGATCATAC,0.553846153846
GGTGTTCACCACAGCTAGTCGGGCATGAGT,0.553846153846
GGTTCTATGGGTCTAGGCGGCTGCGGGC,0.553846153846
GGTTGCGCTCTTGTGCCCGTAGAGGCGG,0.553846153846
GGTTGGCTGTCGTGCGGACCTACCGAATTA,0.553846153846
GTACATAGGTAGCGCTAGGCGTAGACCACC,0.553846153846
GTACGCTGTTCCAACTTTGGACGACGCCGA,0.553846153846
GTACTTGTACCCACGGGGCCGCGGCCC,0.553846153846
GTAGACCACCATAACGGCCCTCGAGACAGT,0.553846153846
GTAGGAGGGCCGTCGATTCTCGTGTGTAGT,0.553846153846
GTAGGGCGGAGGTCGCCTCCCCTAGGG,0.553846153846
GTAGTAGCTTGGCAGGGGAGTCGGAGGTC,0.553846153846
GTATCAGACCAGGGCTGAACAGCTACCGAG,0.553846153846
GTCAACCTTAGCTGGCCTCCCCACAACGG,0.553846153846
GTCACGCTAAACGCCGTCAGTTTGTGGCCA,0.553846153846
GTCCAAAGCACGCCGGGCTTCATACGAGG,0.553846153846
GTCCAGAACGAGGCGTGCCATACAGAGGG,0.553846153846
GTCCCTGGCACGAAGGACACCCCTGACG,0.553846153846
GTCCTGACCAGCAGGACGTCGGGGTACG,0.553846153846
GTCGCGTAACCACGCTATCGCTGCAGCCT,0.553846153846
GTCGGCCGGAAATAGCCGACTGGGGACG,0.553846153846
GTCGGGCTCGCCATTGCCGAGGTCGGC,0.553846153846
GTCGGGTGCGAAGCAAGGGAATGGTTAAGC,0.553846153846
GTCTCACGGCGACGCCTGCATCTGTGACA,0.553846153846
GTCTCCCCTCCTGAAATGCACAGCTGCGC,0.553846153846
GTCTTGGTAACGGAGAGGCATCGTCCTAGG,0.553846153846
GTGCCCTAGTATTGTGCGGTCGCTTACGCT,0.553846153846
GTGCCGCGGAGCTCATGCGCTCACATGC,0.553846153846
GTGCGTTCATTCAGCCTCGGCACCCTGTC,0.553846153846
GTGCTACGACCCCATGACTCGATCTTGTCG,0.553846153846
GTGGCCACCCGACCTAGCAGAACTAACGG,0.553846153846
GTGGGTTCTGACCGTTAAGACCCTTCCCGA,0.553846153846
GTGGTACTCTGTCGGCGCCGGACCAGTAT,0.553846153846
GTTAATCTCCCTGGAGGGCTCCAAAGGGTG,0.553846153846
GTTACGCCTCACGTCGCAGAGTCCACCTG,0.553846153846
GTTATCAGGAGTGACATTTCGCCGGCGAGG,0.553846153846
GTTGGTAGGCGACCCGATCAACTCGGCTAT,0.553846153846
GTTGTCCCCGTCGATGGCGATTCCGAAAGT,0.553846153846
GTTTCGACTGTCCACGGGCCCAGACGGG,0.553846153846
GTTTCGTTGGCGGTCACCTGACGTTGCCG,0.553846153846
GTTTGAATATGATAA,0.553846153846
TAAAACGGTAAGCGTGCCCAAGCGCGGCC,0.553846153846
TAAAGAACTAAACTA,0.553846153846
TAAAGCTCTATTATA,0.553846153846
TAAATGATTACTGAA,0.553846153846
TAACATGCGCGTGCGTAATCTGGGCCAGCT,0.553846153846
TAAGCGTGGTTACTAGAGAGGAACGGCCGC,0.553846153846
TAATGGACGGAGCTGAACGAAGGGCCCCC,0.553846153846
TAATTGGGGTAGGCTCTCGCTCAAGAGGGC,0.553846153846
TACAAAGCAGACCGGCGCGGGGTTTGGGA,0.553846153846
TACAAAGCGTCGGCCTCCGGCGCTTCCG,0.553846153846
TACAGTGCCCGCTCCCGTGCTACGGCCT,0.553846153846
TACCTTGAATTTAAA,0.553846153846
TACGCCAACCGCAAGCAGATCACAGTTGGC,0.553846153846
TACGCTGGGGTTCGGATTTTGATCCGTGGG,0.553846153846
TAGACGACGTGACTAGGTGAGCGGGCTACT,0.553846153846
TAGAGAACTGTGGACGCCTGGCATGGGGTT,0.553846153846
TAGCCTGGCTGAGAATTTTCTGGCCCTGCG,0.553846153846
TAGCTGAGGAGCACCTCTCCCGCCATAACA,0.553846153846
TAGCTTAGATGGGCGCGCCGTTGGGCTTC,0.553846153846
TAGGTATAAAATGTT,0.553846153846
TAGTACGGAGTGCCCCGGAGCTTCTAGGC,0.553846153846
TAGTGAAGTATGGTCGACGGGGCGCACAGT,0.553846153846
TAGTGACACAAGTTAGCCCCACGGTGTCGG,0.553846153846
TATAAATTTGACGTT,0.553846153846
TATAGCTCTCGGAGATCCGTGGCCTGAACG,0.553846153846
TATCCTCGTAGCATTCCCCTATGGCGTCCC,0.553846153846
TATGGGGTGTCGGTCTTCGCAAGGGACTTC,0.553846153846
TATGTTATTTTTTTTC,0.553846153846
TATTGCGGGGGTCGGAGCTTTCGTACCCG,0.553846153846
TATTTAGGTCAAAAT,0.553846153846
TATTTCGAAAAGTAA,0.553846153846
TCAACACACCAGGACAACTCTTCCGGCCTC,0.553846153846
TCAAGCCACGGCTGTCCCACTTTCTCGGG,0.553846153846
TCAAGGCCCAACCATTCCGCGAGGTTACCA,0.553846153846
TCAATGACGAGGGGCCCCGCCACAGAGG,0.553846153846
TCAATTTGGTTAAAA,0.553846153846
TCAGCGAGGCGGGTCCCCGGATAGATAAC,0.553846153846
TCAGGGGCCTCCCGCGTTACTAGCTCACA,0.553846153846
TCAGTCAAGCGCGCACTCCCAGGAGCATG,0.553846153846
TCATGGAACTATGCCGTTGGGGCCGGTATG,0.553846153846
TCATGGCCGAAATGCCCGTTGTCGGGAGG,0.553846153846
TCCACATGAGTTGCGAGGCCGTCTTACTCC,0.553846153846
TCCACCCCCAGTTGTGTGGAACAGCTCCC,0.553846153846
TCCACCTTCCACGCCAACATGTAGAGACCC,0.553846153846
TCCAGGCAGACGTACCTGATCTCAGAGTGC,0.553846153846
TCCCCTCGAACCGCTATTTAGACGCCGGC,0.553846153846
TCCCTGGGCACCTGCCTCCGGGACGGA,0.553846153846
TCCTCGTCCCGGTAGATCACAGGCGCCG,0.553846153846
TCCTGCAACTTCCGGGGTGAGCCGGTCAA,0.553846153846
TCGACCACCCTTGACTGCAAGTGGGCCTTA,0.553846153846
TCGCTCCAGGGTAGTAACATGTCCCCTAGC,0.553846153846
TCGCTCGGATCCCCGCCGTGTATTTGCGA,0.553846153846
TCGCTCTATCCCTTCGTGGGGAGTGCGCT,0.553846153846
TCGCTTCTCCCGGGGGACCGCACTCTTC,0.553846153846
TCGGATCGAAGTCACGAGTGCGGCTCGTC,0.553846153846
TCGGTAGGAGCTGTCGTGGGATTCATGGTC,0.553846153846
TCGGTCCCTTCCCTACCTGCCAGACGTATT,0.553846153846
TCGTACAGAAAGGCGCCGAAGCGGGTGTC,0.553846153846
TCGTGGTCCTCACAGTACCGTCACCGGATT,0.553846153846
TCTAGCGTTTGGTACGCGCGCGGTCGATTT,0.553846153846
TCTCAGGGGATCCGCAGGAGGCGGTTCAT,0.553846153846
TCTCAGTCAGCCAATGGCGAGGGGGAGTAA,0.553846153846
TCTCATGGCGGCGAGGGGGATGAACCGG,0.553846153846
TCTGACAAGCCCTCGCCGTCTCAGATACCA,0.553846153846
TCTGGTGCGAAGGCAGAAGGGGCTAGAGTT,0.553846153846
TCTTCGTAGACCATGCCCGCCACTTCGGAA,0.553846153846
TGAAATTAAAAAAGC,0.553846153846
TGAAGGACCAGCCCCGCTGCTCAGCCCA,0.553846153846
TGAAGGAGGTCTTGCGGGCTCAGTGACGC,0.553846153846
TGACCGCTGATGCGCCCGGCAAACGACC,0.553846153846
TGAGGGGTCCGTCCGCCCTCCTGTTACAT,0.553846153846
TGAGTGCTCGTTGGGGATGTCAGATGAGCG,0.553846153846
TGATGCTGTTGGTGAGGCGGGGTGGAGCT,0.553846153846
TGCACATGAAGGGGGCTGCCATGATCGCG,0.553846153846
TGCAGTCCAGATTGCGGGGCCCGCACTG,0.553846153846
TGCCAGCCAATGGCATCTCCATCAACGCAG,0.553846153846
TGCCAGGTGGCTTAGGTGCACCTGGTGTC,0.553846153846
TGCGCGCCCGCTGCTCGAATATAGCCGAA,0.553846153846
TGCGGAGAAGCGATGTCACGCCATCAGTGA,0.553846153846
TGCTCGGTGTAGGGGGGTGCGCGCATTC,0.553846153846
TGCTCGTTTAGGGCGGTCGCATTGATGCGA,0.553846153846
TGCTGCTTGGACATGTGGTAAGATGCCCCC,0.553846153846
TGCTTTAGCCCCGTACGCCATGACTGCATC,0.553846153846
TGGACGGAGGTATACAGGGGGGGTCGCAT,0.553846153846
TGGATCGCGGAGCAGGGTGCGTACACCG,0.553846153846
TGGCGAAGGGCAATGCGCGGATAATCGGG,0.553846153846
TGGCGTTTATCGCCGGTTCTGTGCGTACTG,0.553846153846
TGGCTCAGAAGACGACCGCTAGCCCAACG,0.553846153846
TGGCTGCGCGGACACGACCGTGCTCCC,0.553846153846
TGGCTGTGAGCCAGGCTGGCGAGCCTTAT,0.553846153846
TGGGACAAGCTTCGGCCGCATAGATGCTCT,0.553846153846
TGGGCCATATGTGGCAGGGCCGTATACGAT,0.553846153846
TGGTACACGGTAAGTCACGATGACCTGGGG,0.553846153846
TGGTCAGCGGACCCGCGTCTAGTGTCCC,0.553846153846
TGGTGGCACTTCGGACGGCGAAACAGCCA,0.553846153846
TGGTTCGTGATAGGTGGGGGAGTAGTGCCA,0.553846153846
TGTCCTGCAATCCGTTCGAGGGTCCCGTC,0.553846153846
TGTCGCGGGTTCTCTTATGGCAGACGGGAA,0.553846153846
TGTCGGGCTGACAGCTGTCCGTTCCGCG,0.553846153846
TGTCGGGTCCGCCGTATTGGACCTTGCTAA,0.553846153846
TGTCTAGGGCCCCTAATGGTGGGACCCCT,0.553846153846
TGTGCGTCCGCCCGGATTGTGGAGCCGT,0.553846153846
TGTGCGTTCGCCACGGTCCCGCATTTCAC,0.553846153846
TGTGTCGCCTAACCTGTGAGACATCGGCTG,0.553846153846
TGTTACCAAGCGCGACGAGCTCTGCCGCA,0.553846153846
TGTTAGCTTCGATAGGCCCTGCTGGGGCG,0.553846153846
TGTTGCTGAGGAGACTGCCCGCTTCCCCA,0.553846153846
TTACACTATATTTGA,0.553846153846
TTACTCGGCACCCGCGCCCTTGTGAGGC,0.553846153846
TTAGTGTAACTGTGGGGAGGATCCGGCAGC,0.553846153846
TTATCATATAAATTTG,0.553846153846
TTATCCCCTCAAACCATCGAGCTCCGCGCA,0.553846153846
TTCACCAACCGGGTGGCGTCCTTCCCACT,0.553846153846
TTCACTCAATGGTCGTCGCGGAATCACGCC,0.553846153846
TTCAGATTATATTTC,0.553846153846
TTCATTCCAGATGGCGGCCACATTGGTCCG,0.553846153846
TTCGATCGCGGGGGACTACTGGACTGTATG,0.553846153846
TTCGCGCCTTGCACGCGACCTTTGCAAAAC,0.553846153846
TTCGGGCCATGCTGACTTCAGTTCCTGGGA,0.553846153846
TTCGGGGCTTTAACCACCCGTCACGCGGA,0.553846153846
TTCTAGTAGCCATATGCGGCCCTGGGAGTG,0.553846153846
TTGAAGGTGTAGGCATCATGCGGACCCTCC,0.553846153846
TTGAGCTCTACCGGGTGAACGGGCATGTTC,0.553846153846
TTGAGCTGGCGAAGTCTGGCCGGTGGGTA,0.553846153846
TTGCAGGCCTGCCAGCCCACTTACTCGTG,0.553846153846
TTGCCCGAGCGAAGAGGCGCCAGACGTTT,0.553846153846
TTGCTGCGGGTCGCGCAGATGGCGCGC,0.553846153846
TTGGGGGACCTACATTTCCCCTGGCGCAG,0.553846153846
TTGTTTCGATCTCGTCAGGCCTACCGGTCC,0.553846153846
TTTACGACGAGCAAGTTCGAGGCGCCGGG,0.553846153846
TTTAGTTTAATAATTAA,0.553846153846
TTTCATGGAATTTTT,0.553846153846
TTTCCAGACTAACGGCCAGCACCTCACGGT,0.553846153846
TTTGCGCACCAAACCGGTCCAGCGCCCG,0.553846153846
TTTGGCAGGTCCCAAACGACATTGCCGGTC,0.553846153846
TTTGGTGGTGCCCACTGGGATCCCTAGTGT,0.553846153846
TTTTAAAAACGATGA,0.553846153846
TTTTCGAGATGATCCGCAGATCGGGGCGCT,0.553846153846
AAAAGTGAACTCGGGGGGATACTACGCTCC,0.584615384615
AAACACGGACTCCGTTCCTACCCTGCCAG,0.584615384615
AAACCCCGCAGCGAAATTCTATACGCGCCA,0.584615384615
AAACCTCGGACGCGGGACCTTTTCAAGCG,0.584615384615
AAAGAATTCATGTAG,0.584615384615
AAAGCATGAAATAATT,0.584615384615
AAAGGCTACGGAGCAGGGAGCTATACCGAA,0.584615384615
AAAGGGCGCAGATCGGTGGCTTCCGTTTG,0.584615384615
AAAGTACCGAGCCTAGCGGTGATGGGGCA,0.584615384615
AAATGCGCAGCGGAAGGAGAGTGTCCCAG,0.584615384615
AAATGGCCCTGCCGATGCGCGGCGTATC,0.584615384615
AAATTACGGGTTCCTTCGCTATGCCCTGGC,0.584615384615
AACAGTGCACCCGGAAGGCTCGTGCACG,0.584615384615
AACATTGTGCATCGTGGGGAGTTCCGGCC,0.584615384615
AACCCACTGGTATCGGCCCAGGTGCCCA,0.584615384615
AACCGGTACTCGGTCACGCGAAAAGACTAC,0.584615384615
AACGCCCTGTATGTTGGAGCGGGGTGGG,0.584615384615
AACGTCGCCTGTCCGCGTAGGGTTCTTGA,0.584615384615
AACGTCGCTGTACGAACCGTTCGATTGCGA,0.584615384615
AACTCCACCCCCCCAAACTAGTTCTGACAC,0.584615384615
AACTCTTCCGCCTCGTTATGTTGGGGCCAA,0.584615384615
AACTGAATATTTCAC,0.584615384615
AACTGGGCGTTCCAAACTCCGCATCGTTCT,0.584615384615
AACTGGGCTTTGCCGTCGACAGTGAGCAC,0.584615384615
AACTTGGTGTTCACCGGGCGTACCTTACGA,0.584615384615
AACTTTGAGGGGGTGCCGCAACAGTTCGTA,0.584615384615
AAGAAGAAATGTCAT,0.584615384615
AAGACTCCGCATACCCGAATGAGCACCGC,0.584615384615
AAGCAGCATATATTT,0.584615384615
AAGCATATGGCGCCATACCGAAGGAAGGTC,0.584615384615
AAGCATTTAATAGATA,0.584615384615
AAGCGCGCGGATCACATTTACCGCGTAAAC,0.584615384615
AAGCTAAACCGATCTGGGAGTGACCGTACC,0.584615384615
AAGGGCAGCTATACGTCCGTGGGATGGGA,0.584615384615
AAGGGCTCCAGGGTTATCCCACGTTAACCT,0.584615384615
AAGGGGTCGAGGCCGCCTCCTACTATGG,0.584615384615
AAGGTGGCAGCGGCGCGACCGGACTCT,0.584615384615
AATAAGTACCCGCGTCTGCCCTGTTGGGAA,0.584615384615
AATAAGTTCTAGCTA,0.584615384615
AATACAGGTATCTTT,0.584615384615
AATACTAAGTTCGTT,0.584615384615
AATAGCGCTACAGGACATACGCGGGCGCT,0.584615384615
AATATAGTCATTGCA,0.584615384615
AATATGTGGTGCAGTGAGTAGGGGCCCGG,0.584615384615
AATCACGAATTTCAA,0.584615384615
AATCATGCACAAAAA,0.584615384615
AATCCTCTCCTTTAGGGTCGTTTGTCCCGG,0.584615384615
AATCGCAGCCCCTGTGCCCTATCGGGCT,0.584615384615
AATCTCCCGGGGGGGCAGAAGTAAATCCC,0.584615384615
AATGAATATATCCCT,0.584615384615
AATGAGGGCCCTGTTGGCACAGTTACTACC,0.584615384615
AATGCATATAGCTTA,0.584615384615
AATGCGCGTACGGGACGCGAGCCTGGG,0.584615384615
AATTTCTATGCTTAC,0.584615384615
ACAAAACACACGAGAACTTGGCCCCCGGC,0.584615384615
ACAACCGGCCGGACTCATACCGTCAACGA,0.584615384615
ACAACTTAGAGCAACTTGGCCCGGAGTGTC,0.584615384615
ACAAGCTCCCTCTGCTTTTGACGGTGCGTA,0.584615384615
ACACATTGCAACGGCGTAACGCGGGTTTTG,0.584615384615
ACACCAGCAAGTACTAGGTGCCGCGCTCA,0.584615384615
ACACGCGTCGAAACCGCGGTGTAACGAGA,0.584615384615
ACACGGAGTCCGCTCTTGTAACTACACCAG,0.584615384615
ACACGGCTAAAAGCTCGTGGTGGTCCACAA,0.584615384615
ACACTTCGCGGACCCGGAACTTCTGTCCA,0.584615384615
ACAGCTTAGCGAGGCGCACTCAGGCTGG,0.584615384615
ACAGGGTGTTCTTCTGCCTCTCCCAGTACT,0.584615384615
ACATAGCTAGAGCACTTCCTCACCCTCCTG,0.584615384615
ACATCGACACCTTGACGTTCCCAACCAAGG,0.584615384615
ACATCTCGACTCGTGTAGTGGCTAGCGTAG,0.584615384615
ACATGGTAATCGTCTCGTTTTCCGGTCGCC,0.584615384615
ACATTGATGCTGGCGCTGCAAGATGGCGC,0.584615384615
ACCAAAGCAACGGAGGAGCGGGCAAAGCT,0.584615384615
ACCAAGCTGAGCCCTGAGTATGCAGCCGA,0.584615384615
ACCCATTAGTTACCTCTGGGAGGCATCGTC,0.584615384615
ACCCGAGCGTCCTCGTAAAGTATAGGCGG,0.584615384615
ACCCGTGCACTCAGAGCGCTGCCAGAATA,0.584615384615
ACCCTGGTCGCAGGGGCATCCTCTAACAA,0.584615384615
ACCCTTCTTTCCCTCGCCCTCTTCAGAGC,0.584615384615
ACCGAAGACCGCGGTATATAGGCATAACGC,0.584615384615
ACCGACAACGGGTCGTGTAGCGGTGACG,0.584615384615
ACCGAGGTAGGCGATTCCGGGGGCGTAA,0.584615384615
ACCGCAGAGCCATGATTCCACCAGGGGG,0.584615384615
ACCGCAGTAGGGCACGTCGAATAACAGCG,0.584615384615
ACCGGACCGCTTCAGAAGGTTGCAGATTGA,0.584615384615
ACCTAATTGGACACGCAACGCCGATGGCG,0.584615384615
ACCTCAAGAAAAATA,0.584615384615
ACCTCCGGAGGAATCTGATCATCTCGGAGT,0.584615384615
ACCTGGTCGGATCTTTCATCCCTCCCCGT,0.584615384615
ACCTTTTGATTTTTC,0.584615384615
ACGAAATCACGTGAGCACCCCTGATCGTCT,0.584615384615
ACGAAGTACTTGGCGTCGTCTCAGCCCAG,0.584615384615
ACGACGCGCATTCGCTACTCCTTGAACAAG,0.584615384615
ACGATTGACGCACCTATCCTGTCCTGCGAA,0.584615384615
ACGCAGATATGGACGTGTGGTGATGTGCAG,0.584615384615
ACGCGCAAATCGGGAAAGTTCATATCGCCG,0.584615384615
ACGCGCCAAAAGAGTCACTCCACTGTTCGA,0.584615384615
ACGCGGTGTCTAAGATTTGCTGCTATGCGG,0.584615384615
ACGTACATCAAACGGGATGATCGCCCTTGC,0.584615384615
ACGTCAGTGTACTGTGTGGTTCTTCCGGTG,0.584615384615
ACGTGGCTAACGAGCACAGGCGGCAAGAA,0.584615384615
ACTACGCCGGAAGCTAGTACTGGGGAGTAT,0.584615384615
ACTACGCCGTCTGCAGATCGTATCCGAATC,0.584615384615
ACTACGCGAAGGCGAGCAATGTACAACGTC,0.584615384615
ACTACTTGGACCGTCTAGCGTGGATGCAGA,0.584615384615
ACTATTTGTTCTTCT,0.584615384615
ACTCAGTCGTCCAGATACCTTGAAGAGCGC,0.584615384615
ACTCGACGATTGTTGCTCAACCCGCGTTGT,0.584615384615
ACTGCACTGAAGGGACCATAAGGCGGAGG,0.584615384615
ACTGCATCATGCGTTAAGACTGCTCCGCAC,0.584615384615
ACTGCCCTGAGCCTGGCAAGAGCGATACT,0.584615384615
ACTTAGAGAAGGCGGTCAGGTCCACCGAG,0.584615384615
ACTTAGGATAAGATT,0.584615384615
ACTTCCCCAATACAACTGCATCCCGGGCC,0.584615384615
ACTTTATTAAGAAGC,0.584615384615
AGAAAGGTGCGGCCCTGTGTACGGCGTG,0.584615384615
AGAAATTAACTTAGC,0.584615384615
AGAACCGGTGTCGTAAGTCAACCCGAAGCA,0.584615384615
AGAAGAATGATTGTA,0.584615384615
AGAAGTGGCGAGTAGTTACCGTCGCGCCA,0.584615384615
AGACTACAAGGGGACCTGGTTGAGACGATC,0.584615384615
AGACTCGGGAGTGCGCAAGGAAACGGTAG,0.584615384615
AGAGATAGATGACGTGGGGTTGCTTTGCGG,0.584615384615
AGAGCCAAAACCGAGGTATGCAGGTGGTTG,0.584615384615
AGAGGAGACCCACTCGACGATTCGGGCC,0.584615384615
AGAGGCGTGTCAGGAGCACGCTCCATTGA,0.584615384615
AGCAGCGGAATGCGTAACCCCTGACGCC,0.584615384615
AGCATTCCTACGAGGAACCACTAGCCCAAC,0.584615384615
AGCCGAATTCTACACGTGCCGAAACCCCG,0.584615384615
AGCCGCGCCAATACTCACCGTCCCACTC,0.584615384615
AGCCTCTGTGCCCGTCCCAAACTGCATTC,0.584615384615
AGCCTGGCGCCTCTAACGCGGGTCAAAG,0.584615384615
AGCCTGTAGCGGCTTGTTCGCGCATTAACT,0.584615384615
AGCGCACTTTGCGCAGATGATGCTAGACGT,0.584615384615
AGCGCATGCGTGCCCCGGTTATTCCCTC,0.584615384615
AGCGCCGTCGTTGGGGCCATTACTTAAGG,0.584615384615
AGCGGGGGACCAACGCTCATTCGTGTCC,0.584615384615
AGCGTGCTCTCAGACCCAGGTGCCGTAC,0.584615384615
AGCTACACTATTTAT,0.584615384615
AGCTAGCCTAGAAGACGGTTAGGGACCGAT,0.584615384615
AGCTAGCTAACCATACTCATGGTCGGCCGA,0.584615384615
AGCTCAATTGTAAAA,0.584615384615
AGCTCGAGCCAGTGTTCTGTACCGGAACAT,0.584615384615
AGCTCGTGCCACTTAATCTGGATCAGGGGA,0.584615384615
AGCTCTCCAAGCGGTGTTGTCCCCCCAAT,0.584615384615
AGCTGGCACAATCGTGATGGGGAATCGTGA,0.584615384615
AGGAGATGAAAAACACGACCCCGCTAGGGA,0.584615384615
AGGAGTGACACGGCTACGCACGTTGGAAC,0.584615384615
AGGATCGGATTCATGCGCGCTTAGTCCTAG,0.584615384615
AGGCAATGTGGATGGGTACTCCGTTGAGTG,0.584615384615
AGGCCACCCAGCGTCAAGCCCAACCTAC,0.584615384615
AGGCCCCTCAATTTTCCGTCCCCTGCCC,0.584615384615
AGGCCCGAGGCACCGGTGCGCAGCGT,0.584615384615
AGGCGCCCTCCTTGGCGACTGTCGGTAA,0.584615384615
AGGCTAAACCTGACCTCCCGAAGCGACGA,0.584615384615
AGGCTCTCCTTCGGAGCGTTCCTGGTCAA,0.584615384615
AGGCTGTTTACCCGAGACCATCGTCATGAG,0.584615384615
AGGGACGTCCGTCTTCAGCACCCGCGTT,0.584615384615
AGGGCCTCCAGGTGCTCACCGCAATAGAA,0.584615384615
AGGGGCATGCCAACCGCATTATGGATACTG,0.584615384615
AGGGGGCCCGGGTCCTCTGTATGGTCAA,0.584615384615
AGGGGGGTACTCAAGGGCGATTTAGCCATT,0.584615384615
AGGGTGGTTTGGGATCTCCCGGTTGGGC,0.584615384615
AGGGTTACTGCAGCACGGACGTACGAAATG,0.584615384615
AGGTGATTCATTTTA,0.584615384615
AGGTGCGGCGGCTGGTGTGCAACCTTGA,0.584615384615
AGGTGCTCGGCTAAAGAGACCCCCATACG,0.584615384615
AGGTTGACCCTCGAATAGGAGGCCTATGCT,0.584615384615
AGTATAGGTGTGGCGCTGTTGCTGCGCATT,0.584615384615
AGTCCACTGCACGACCCTGCCCATAAGATT,0.584615384615
AGTCGGGCCCGGTGTGGCTTCATAGTATG,0.584615384615
AGTCTACTATCTGCTTCGCCCTCCCATCTC,0.584615384615
AGTGTAGCCCCGGAACCGGTTCAGGCTAA,0.584615384615
AGTGTAGCTTCCTAGGGGGAGCCGAGGC,0.584615384615
AGTTCATGAGAGCGCAACCGGGAAGTCGAT,0.584615384615
AGTTTATGTAAGTTC,0.584615384615
ATAAACTAGGGAAAA,0.584615384615
ATAAATAACCTCCAT,0.584615384615
ATAACACATTCACTA,0.584615384615
ATAAGGGCACGTCCTTGAATCAAGGTGGCG,0.584615384615
ATAAGGGCATCGCCACGGTGCGTGTCGC,0.584615384615
ATAATACCCTAGCCTTACCGCGAGCGCCG,0.584615384615
ATACCGTTCGCGGAAATGTGTCCCCGTGG,0.584615384615
ATAGAAAATGTAGAC,0.584615384615
ATAGCACCCAGCAGCTGGCGTTCGTGCG,0.584615384615
ATAGCGACATTCGCCCCTACACATTCGCCT,0.584615384615
ATAGTGCGGCTCGCCGTGATCATCCGCC,0.584615384615
ATATGGACAAAGCGCGAACTCAGCGGCCTT,0.584615384615
ATATTTTCGTTTGCA,0.584615384615
ATCAAGGTCGCCTTTGAAGGATGGTCCGTC,0.584615384615
ATCACACGGTTCACCACGCCGCAGGAGC,0.584615384615
ATCACTTACATACTT,0.584615384615
ATCAGCTGCTGTGCACCTCAATCTCCCCC,0.584615384615
ATCAGGTCGGCGACGTGTCGATACTACCTT,0.584615384615
ATCAGTAGCTATATT,0.584615384615
ATCATTTCGATTTTC,0.584615384615
ATCCCGACGCGTTGTATGCTACGTGTCCC,0.584615384615
ATCCTCCCAAGCGCTGGAGACGCCAAGC,0.584615384615
ATCCTTGCGGCGAATATGCATGCTGTACCC,0.584615384615
ATCGACGCATCACCAACTCCTTACGCCTGT,0.584615384615
ATCGATCTTTCCCACTATTCGCGGGCGCC,0.584615384615
ATCGCATGGTAGGGCTGAAAGAATGCGTCC,0.584615384615
ATCGGACTCTTGGACATGAGACACGTTGCC,0.584615384615
ATCGGGGAGCAGGACGTTAGCGCTTAATGT,0.584615384615
ATCGGGTGGGGGTCCAGAAATACTGCACC,0.584615384615
ATCGTCTTTATATAC,0.584615384615
ATCTTCGTCTGTCGCTAGCTCGGTGAAACG,0.584615384615
ATCTTGACCAGAGAAATTGGGCGCAGAGGG,0.584615384615
ATGATAGCGCTACTAGGGGCGACCTAGTGT,0.584615384615
ATGCCCGATCTCCGACACGGCTTCCCTC,0.584615384615
ATGGAAGGTTTATGGGCCACGATCCACACG,0.584615384615
ATGGCAACCTGCGTCAAGCTGGTCGGCC,0.584615384615
ATGGCGAAATGAACCGTCCGCGGCATAATG,0.584615384615
ATGGGCACCATGATTTCAAAGGGGGGCGG,0.584615384615
ATGTCCCCATTTCGGCTTCGCTTGGTCAGA,0.584615384615
ATGTGAAAACATTATT,0.584615384615
ATGTTCTACACCACCTACTTACAGCCCGCC,0.584615384615
ATGTTGTCCGGAGTAACGTCCTAGAGGCAC,0.584615384615
ATTACCGTTACTAAT,0.584615384615
ATTATGCTTATATATC,0.584615384615
ATTATTAGTGAGTTC,0.584615384615
ATTCCTCCAAGTCGCCGTATGAAGTACGGC,0.584615384615
ATTGATTGTTTTCTG,0.584615384615
ATTGCCATAATAATAA,0.584615384615
ATTGCTATACCGACGTGATCCCCCGCACTT,0.584615384615
ATTGGACTGTGCCGCGAGCGGAACGTCC,0.584615384615
ATTGTACTTTAGTCA,0.584615384615
ATTGTGCGGCCTAATCAGCCTGCGAGACG,0.584615384615
ATTGTTAAAGTTCAG,0.584615384615
ATTTAACCGTAAAGT,0.584615384615
ATTTGTCGGGTGGTGTCTCCCATGCCAGG,0.584615384615
ATTTGTTTGGTTAAG,0.584615384615
ATTTTACATCATCCT,0.584615384615
ATTTTGCAACTATTC,0.584615384615
ATTTTTAAGCGCTAA,0.584615384615
CAAAACCATACAGTTGGCTGAGCGCCTACC,0.584615384615
CAAAACGAAGATGGCCGTGTCCGTCCGTAA,0.584615384615
CAAACGATAGGGCCGCAGGGTGGAGTCAT,0.584615384615
CAAACGTTATATAAAT,0.584615384615
CAAAGAGGAGCCCTCCCCCGGGTTCTGT,0.584615384615
CAAAGCCCTTCGTCGGAAGCTTCCCGCG,0.584615384615
CAAATAGGTCCGTTGCCCGCGGGATGGAA,0.584615384615
CAAATTGCGCCGAGGAATCTTCACGTCCGA,0.584615384615
CAACCGCTTCGCTTGCCTTTGGTGATCGG,0.584615384615
CAACCTGAGCTGGCATCTACGGTTTTGGAC,0.584615384615
CAACTGATGTAAAAA,0.584615384615
CAAGATCCGCGCTCCCACCTTTTCGATCAT,0.584615384615
CAAGCCGCCGACGGCTTAAATGCTAGAAGA,0.584615384615
CAAGGCCACAGCCCTGGGAAGTGACTCC,0.584615384615
CAATAATCTATGTTTT,0.584615384615
CAATCCCATATCGCAAGACCGCGGGGAAG,0.584615384615
CAATCGACTCCGGCTACACATCTACCGCAA,0.584615384615
CAATTCGTGAGGACTCAGAGTCCCGGCGT,0.584615384615
CAATTGATGTGGGACTCTTCCACGGGAGTC,0.584615384615
CACACTGAGGCCCGGTTTATTCTGTGCCC,0.584615384615
CACAGGCGCCCAACCTAAATCCCGTTTATC,0.584615384615
CACAGTACCTGATGGTTCAGCAGATTGCGC,0.584615384615
CACAGTTACAATGTGGACCAGGGAGTAGGG,0.584615384615
CACATCCGCGGGGAGTGGCGGCTAAGG,0.584615384615
CACCGCTCGTTTTGTTTCCGCCGAAATGAC,0.584615384615
CACCTGGAAGCACTGCACAAACTGGGACG,0.584615384615
CACCTGGTGTTCGTCATTTGCCAACGGGG,0.584615384615
CACGACTGTTGCAAGACGGGTTGTCAGCAA,0.584615384615
CACGAGTGGTCCGAGCAACGATGATAACGA,0.584615384615
CACGCACCCGCGAGATCTATACTCCGGG,0.584615384615
CACGCGCATTAGAGATTTCGTCCGTCCATG,0.584615384615
CACGCGCCATGTTCGCGCTTACGTAGAAAA,0.584615384615
CACGTGAGTAGCTCTATAACCCGCGGCTG,0.584615384615
CACTAGGATTCACGCGACGGCAGCGCAAT,0.584615384615
CAGACATGGGGGCAAACGGGAATTCAAGCT,0.584615384615
CAGCAAACTACTGGGATGTCAGAGGGCCTT,0.584615384615
CAGCAGACGACAAGCTCTGCTCCCGCAAT,0.584615384615
CAGCATCAGGCTCTCTCAGTTCGGCGAGA,0.584615384615
CAGCTACAACGGCGAGCGCCCCCACAC,0.584615384615
CAGCTCCGCGCCTATGCAAGATCCGGAG,0.584615384615
CAGCTTGGGAAGGTGGACGGGACCAGGA,0.584615384615
CAGGACTCATGATAGTGGTGCCGCTTGAGT,0.584615384615
CAGGAGACGCAGAAAAGGCTGCATGGCAG,0.584615384615
CAGGAGCGCGGATCACGGCTATCGAAATC,0.584615384615
CAGGAGCGTGAGAGCGTGACAACGGGAG,0.584615384615
CAGGCCCCCATTCCGGTGAGACCCCCA,0.584615384615
CAGGGTCCGGCACAGAAGGTCGAACCCT,0.584615384615
CAGGTCCCACCTCCTCTTGCAAGAAGTACA,0.584615384615
CAGGTGTGTCTCACGATGCGTACTGCAAAC,0.584615384615
CAGTATGTCATCCTGCGGGAAGACCCTACA,0.584615384615
CAGTCGAACCCCCCTTCGTGGCTTCCCT,0.584615384615
CAGTGGCGTGGCCCTAGAGTCTTATGGCA,0.584615384615
CAGTGTGTCACCGCCCACGCCATATAGTTA,0.584615384615
CAGTTCATCCAAGTCGTACGTTTCGCGCAC,0.584615384615
CATAAAACGGACTGCGCACGGGGAATCTCA,0.584615384615
CATAATAATTGTACG,0.584615384615
CATACACAGATTATA,0.584615384615
CATCAGGCTCCAGGCACCGGCTACGAAAT,0.584615384615
CATCATATGACCGCTCCGCAGTGGATTCTC,0.584615384615
CATCCCTGCGCAATAGCCACCCCAGTCG,0.584615384615
CATCCGATTGCCGCCGTCAAGGCAGTGTT,0.584615384615
CATCCGCTCTGCCTCTTAGCACACCTTTTG,0.584615384615
CATCTGCCCGGAGATGCCACTGCGGTGT,0.584615384615
CATCTGTCCGGACAGTAAGTAAGGTACCCG,0.584615384615
CATGACGGGAGCACCCGATAGTACCCTTAT,0.584615384615
CATGGTACGGGACAAGTCACTTGCGTGCC,0.584615384615
CATGGTTCGACTGCTACCCTGCCTAGTCTA,0.584615384615
CATGTTGCCGCCCGTCCCTAAGTGATAGAA,0.584615384615
CATTGGCGGCGGTAGATGACCAGGTACAC,0.584615384615
CATTGGGCGCTGCCGCTCACAGGGCGA,0.584615384615
CATTTTCGATATTCA,0.584615384615
CCAAACCGGAGAGCTTAACGAACGCTGGAT,0.584615384615
CCAAAGCGAGGAACGAGATAAGGTGGCGC,0.584615384615
CCAACACAACCAGTCTCCCTACGGTTGGC,0.584615384615
CCAACACGCGAGCTGCTCCAGAGTTCTAG,0.584615384615
CCAACTCGAGGGCAACGCGGGTGAGATAT,0.584615384615
CCAAGAGGATCAGAAGAGACCAGACGAGCA,0.584615384615
CCAAGCCATGGACGTGGCGTGTCGACGT,0.584615384615
CCAAGTAAGGTACGCAGTGCGGTTAGGACT,0.584615384615
CCAATGGATTCGAGGGGTCCAGCATCATAG,0.584615384615
CCAATTCCTAGCCTTTCGCGACCGACCAG,0.584615384615
CCACCAAAAGGGCGACGAATCCGTCCGAA,0.584615384615
CCACCTCAGGCGCTACGATCTGGAGCATT,0.584615384615
CCACGGCTTCTACCACCGTATTTCTCGGC,0.584615384615
CCACGGTGCCATTACGAGCTGAGCGCAG,0.584615384615
CCACTCACCCGGGAAGCCTCAAGCTACTT,0.584615384615
CCACTCCTGGGATCTAGACCAAGGTATGAG,0.584615384615
CCAGAGATCGATTGCTGGCTAACAGAAGGG,0.584615384615
CCAGAGATTATCGACGAAGTTCTGCACCGC,0.584615384615
CCAGCTACAAAGTCCTGGGCTCGTCAGCA,0.584615384615
CCAGCTCCATCGAACAAAAGCCCGTGTCG,0.584615384615
CCAGGACCGCTGTCCTAAGGCTTATGCAC,0.584615384615
CCAGGGGCGATCTTGACACAACGGCACTA,0.584615384615
CCAGTCTTTGTCGCATAAATCTCGCCTGGG,0.584615384615
CCATCCGGTTGAGATAGCTCACCCGGTCT,0.584615384615
CCCAATAGGTTAGGGGCGGCTGGTTGGG,0.584615384615
CCCACCCGTGATCAGCAAACACCCGTTTAT,0.584615384615
CCCACGACTGCACTCACCTCGAGAACGAA,0.584615384615
CCCAGCGAATTAAGCGGCATGTAACGTGTG,0.584615384615
CCCAGGTTACCGTCAAGGCCAACATTGTTG,0.584615384615
CCCATTCTGCACTTCGGATAACGTAGCGAG,0.584615384615
CCCCAAGTCCGGCAACCAGTTGCAAAGCA,0.584615384615
CCCCACACGTAAGCCTAACTTCACAGAACG,0.584615384615
CCCCCATCTCACCTCATGGCGCCACATC,0.584615384615
CCCCCTCCCTCCGCTGGTCCAGGCTG,0.584615384615
CCCCGGAGTTCGCTAGGCGACGGCAAC,0.584615384615
CCCCTATTCGGAACTGTGGTTTATCGCTGG,0.584615384615
CCCCTCTCTTCTAATGGTCTGGAGAACCTG,0.584615384615
CCCGACAAGGGATAATGGTAGGTGGGACC,0.584615384615
CCCGACCTGGACACCAGTGACACGTACTT,0.584615384615
CCCGACGCCATCTATTAAGGAGCGCGAGA,0.584615384615
CCCGACTGAGGGGGCGGATACTGCATTC,0.584615384615
CCCGCCCTGTTATGCGTTGCCCCGCCT,0.584615384615
CCCGCTACTACCACACTCGAATGGGAACG,0.584615384615
CCCGGAGGCGGATTATGCCCGGTGCAC,0.584615384615
CCCGGCGTGTCGAGGCCATTTGCACGTA,0.584615384615
CCCGGGACGCAGTCCATTATACGGGCTG,0.584615384615
CCCGGGAGCGTAGAGTGAGATGAGAGCC,0.584615384615
CCCTCAGGGTGAAATGACGCCAATGTCATC,0.584615384615
CCCTCGACGTCGCTTACACAGGAACCAAC,0.584615384615
CCCTCGCTAGACGCTTCATTGTAAATGCGG,0.584615384615
CCCTTATGCCGAAGAACCTTCAGCTACGGA,0.584615384615
CCGAAAAGCCGAATAAGCCGAGTTCAGACG,0.584615384615
CCGACAAGGGAAAGACGCAAAGAGGTGAGT,0.584615384615
CCGACAGCTGGCCAGGCATTCCGTTCAC,0.584615384615
CCGACTTCGTGAGGCAGAACAGGGTAGGA,0.584615384615
CCGAGATACGGTACAGCAATATGCCAGGCT,0.584615384615
CCGAGCACGGTGGACATCCCAGGGTATC,0.584615384615
CCGCTACAGCGACCTATCGTGTGATTAGAG,0.584615384615
CCGCTAGTTTTTCTATGTCCCCCTGCGGTA,0.584615384615
CCGGAACGGGGTAGTCAGTCGATTCCCAT,0.584615384615
CCGGAGGTAGCTGGCCTTTAAACGCACTC,0.584615384615
CCGGATACACGGATTCTCATCGGCAACCTT,0.584615384615
CCGGCATTCGCTGCTACTCTCGTATTTGGA,0.584615384615
CCGGCTTCTCCACATAAGCTATGCAACCCT,0.584615384615
CCGGGCGACGAAATAGATTGGCCGTCTCT,0.584615384615
CCGGGGCGTCTTTGCTACAAAACGCCCG,0.584615384615
CCGGTGACGAGAGGTGTCAGCCAGGTAG,0.584615384615
CCGGTGCCATCCGAATGCGAGGCCGTAT,0.584615384615
CCGGTTACGACTGGAACGCTGAACGGCTA,0.584615384615
CCGTATGTGGGCTGATGTGAGTGGGGCAA,0.584615384615
CCGTCGCCTAGCATTCCTAATGCACTGGG,0.584615384615
CCGTTCGGGTACGGCTTCACGGCCCTC,0.584615384615
CCTAAACCACTAAATCGAGTAGGTGGCCGC,0.584615384615
CCTAATATGCATGATTCAGCGGCAGTGGCG,0.584615384615
CCTACCGTTGGATCTGGATTCACAGGCGTT,0.584615384615
CCTAGGCTTGCAGACTCGGAGTCGGGAAT,0.584615384615
CCTAGGGGGCACGCTTGAGACTGTGGGA,0.584615384615
CCTATTCGAGCCGGTCGATCCGGGACTTA,0.584615384615
CCTCATCAGGGTGCCACACTTGGTCATGAT,0.584615384615
CCTCCAACAGTGCGCGTTGAGTGGAAAAGT,0.584615384615
CCTCCATCGATACCTTCTCAGATCTCCCGA,0.584615384615
CCTCCTATGGACCGCAACCGGTGAAATCTT,0.584615384615
CCTCCTGCGCTGCAGTAAGGCCACACGA,0.584615384615
CCTCCTGGTAGTGGCTGCAGTCGGCCC,0.584615384615
CCTCTACGGTCGGATGCGTACTATAACGAG,0.584615384615
CCTGCGGGCATATCTACGGCTGGATCGAA,0.584615384615
CCTGGGCTGAAAACTCCTCACCAATACGAG,0.584615384615
CCTGTAATTGTTTTA,0.584615384615
CCTGTACCGGCTTAGTGTCCCGCCCCG,0.584615384615
CCTTAGCCCCGGCTGTGTTTAAAGATGAGC,0.584615384615
CCTTCCCCCGCGCCTGACCCTTAAAGTTT,0.584615384615
CCTTCGGCAGACCTTATTACACCCTGCAGA,0.584615384615
CGAACGCCCCGCATCCTTAGCACACGGA,0.584615384615
CGACACCCAATCGGACAGAGAATAGACGGA,0.584615384615
CGACCAGGCTGCCAGCTTTAATCGACTAAG,0.584615384615
CGACCCCGGTAAAATTCCCGGCGGTATGA,0.584615384615
CGACCGGCTGAACAGTGCTCAGGAGAGC,0.584615384615
CGACCGTAAGGGCCGGAGCGGCAGAGA,0.584615384615
CGACGCGCCCACTAGCGAGAAGCCGAG,0.584615384615
CGACTCTGCGGGACAGCCGTTTCGTGAG,0.584615384615
CGACTGACACCCGGTACAGGGATTCGCTA,0.584615384615
CGAGAAGGTTGGTCGCCTCCTGTCGGAG,0.584615384615
CGAGCCCTGTAGCTCGAACGCCCCCGA,0.584615384615
CGAGGCTGGGGAACGTGAACGCGACTGA,0.584615384615
CGAGGTATGCGAAAGGCCTGTCGCCCTC,0.584615384615
CGAGTCCAACCAACGCTCGACTTCCGGTT,0.584615384615
CGATGACTCGAAGATATACTGCGTCGTCGC,0.584615384615
CGATTCCGGCTATGATTGCTATTGCGCGCT,0.584615384615
CGCATCCGTCGGGTGTTGAGCTTGCGGT,0.584615384615
CGCATCTCCGTACGCATGTTGAGTATGACG,0.584615384615
CGCCAACGGGCACCCCTGCGGATCCG,0.584615384615
CGCCAGCAGCTAAGACGACAGTGACAGGT,0.584615384615
CGCCAGTGGGCTTCCGTGCCAAATACAAG,0.584615384615
CGCCATGCTGGCAAGTACCTGGTCCGAC,0.584615384615
CGCCCCAATGAGCGAAATCGACGGGTTTTA,0.584615384615
CGCCCCCCCTGTACGCGTCCCCACAG,0.584615384615
CGCCCCCTGTTCGAAGACCCCCAGGCA,0.584615384615
CGCCCGCTGCACGACGACGGTTGAGAG,0.584615384615
CGCCCTTGTGGGTGGAAGGAGTCTCACC,0.584615384615
CGCCGACTGGAAGCAGAGGCCAATGGATA,0.584615384615
CGCCTATCACGGCAAGACACACAAATGCGA,0.584615384615
CGCCTGTATGCGCACGCTACCCGTGTTG,0.584615384615
CGCCTTACGACACCTAAATGGTCCCTCTCA,0.584615384615
CGCCTTGGGGGTGTCGCAGCACACGGA,0.584615384615
CGCGAACTGCGACAGCCAGTGCTTCGGA,0.584615384615
CGCGACAATGAATCAAACACCGGCCTCCG,0.584615384615
